-- Complete data restoration script for Expense Tracker
-- Generated from backup file
-- Run this AFTER running setup-database.sql in your Supabase project

-- EXPENSE_SHEETS DATA
INSERT INTO public.expense_sheets (id, name, pin, has_pin, user_id, created_at) VALUES ('e2b9664a-8583-470c-84de-274131035fa5', 'yanho', NULL, 'f', '00000000-0000-0000-0000-000000000000', '2025-05-05 08:46:33.857+00');
INSERT INTO public.expense_sheets (id, name, pin, has_pin, user_id, created_at) VALUES ('ea593412-dc90-4ca5-89d3-252a7815b6c6', 'YHTYH', '1396', 't', '00000000-0000-0000-0000-000000000000', '2025-05-06 06:43:13.656+00');
INSERT INTO public.expense_sheets (id, name, pin, has_pin, user_id, created_at) VALUES ('1d32eade-3cdd-40a7-aa63-55a604ac1850', 'Billionare-Expense', NULL, 'f', '00000000-0000-0000-0000-000000000000', '2025-05-05 04:50:33.624+00');

-- EXPENSES DATA
INSERT INTO public.expenses (id, date, amount, category, user_id, sheet_id, created_at, description) VALUES ('dd048eb9-5b4d-4dc6-88a9-34875e0290f9', '2025-03-01', '9.5', 'food', '00000000-0000-0000-0000-000000000000', 'e2b9664a-8583-470c-84de-274131035fa5', '2025-05-06 00:43:21.886+00', 'Food expense');
INSERT INTO public.expenses (id, date, amount, category, user_id, sheet_id, created_at, description) VALUES ('a38cb11c-a79a-4c8a-89bd-dd8aea096f72', '2025-03-07', '20.2', 'food', '00000000-0000-0000-0000-000000000000', 'e2b9664a-8583-470c-84de-274131035fa5', '2025-05-06 00:43:22.563+00', 'Food expense');
INSERT INTO public.expenses (id, date, amount, category, user_id, sheet_id, created_at, description) VALUES ('55ec4144-0d24-4e7c-b8c3-a398df2050d9', '2025-04-17', '19.9', 'food', '00000000-0000-0000-0000-000000000000', 'e2b9664a-8583-470c-84de-274131035fa5', '2025-05-06 05:43:12.383+00', 'Expense on Apr 17');
INSERT INTO public.expenses (id, date, amount, category, user_id, sheet_id, created_at, description) VALUES ('b4167bab-6abf-4d72-9437-e36dcdf0f8d4', '2025-05-08', '19', 'food', '00000000-0000-0000-0000-000000000000', 'e2b9664a-8583-470c-84de-274131035fa5', '2025-05-08 15:16:02.434+00', 'Expense on May 08');
INSERT INTO public.expenses (id, date, amount, category, user_id, sheet_id, created_at, description) VALUES ('2d9be970-cc72-48f2-adc9-05c8287a6e0a', '2025-05-06', '19', 'food', '00000000-0000-0000-0000-000000000000', 'e2b9664a-8583-470c-84de-274131035fa5', '2025-05-07 05:52:09.833+00', 'Expense on May 06');
INSERT INTO public.expenses (id, date, amount, category, user_id, sheet_id, created_at, description) VALUES ('449d4587-8803-444e-8c41-ff836314bb84', '2025-05-06', '21', 'accessories', '00000000-0000-0000-0000-000000000000', 'e2b9664a-8583-470c-84de-274131035fa5', '2025-05-07 05:52:19.081+00', 'Expense on May 06');
INSERT INTO public.expenses (id, date, amount, category, user_id, sheet_id, created_at, description) VALUES ('7afe8bfe-bcc4-4165-b758-8cd5e8da2943', '2025-05-07', '-7', 'others', '00000000-0000-0000-0000-000000000000', 'e2b9664a-8583-470c-84de-274131035fa5', '2025-05-08 15:16:13.651+00', 'Income/Return on May 07');
INSERT INTO public.expenses (id, date, amount, category, user_id, sheet_id, created_at, description) VALUES ('b4fa861a-dd0f-41f0-814d-3f7fa1d39c12', '2025-05-20', '25', 'food', '00000000-0000-0000-0000-000000000000', 'e2b9664a-8583-470c-84de-274131035fa5', '2025-05-23 04:10:06.803+00', 'Expense on May 20');
INSERT INTO public.expenses (id, date, amount, category, user_id, sheet_id, created_at, description) VALUES ('095d7dce-9c85-4db8-b02d-dd8ae6acf72f', '2025-07-07', '187', 'entertainment', '00000000-0000-0000-0000-000000000000', 'e2b9664a-8583-470c-84de-274131035fa5', '2025-07-09 03:57:41.097+00', 'Expense on Jul 07');
INSERT INTO public.expenses (id, date, amount, category, user_id, sheet_id, created_at, description) VALUES ('87db1ecc-279c-4834-a08f-2d1c8ce7e6f2', '2025-05-08', '-50', 'others', '00000000-0000-0000-0000-000000000000', 'e2b9664a-8583-470c-84de-274131035fa5', '2025-05-08 15:16:41.757+00', 'Income/Return on May 08');
INSERT INTO public.expenses (id, date, amount, category, user_id, sheet_id, created_at, description) VALUES ('65d48454-3820-4ab9-8fdd-797a0fd977d1', '2025-05-25', '26.2', 'food', '00000000-0000-0000-0000-000000000000', 'e2b9664a-8583-470c-84de-274131035fa5', '2025-05-26 01:08:27.663+00', 'Expense on May 25');
INSERT INTO public.expenses (id, date, amount, category, user_id, sheet_id, created_at, description) VALUES ('e388c318-7144-4b7c-a2f1-239659945c6c', '2025-03-10', '9.5', 'food', '00000000-0000-0000-0000-000000000000', 'e2b9664a-8583-470c-84de-274131035fa5', '2025-05-06 00:43:22.978+00', 'Food expense');
INSERT INTO public.expenses (id, date, amount, category, user_id, sheet_id, created_at, description) VALUES ('1d0d1579-8739-4696-b8b7-f819d87e7370', '2025-03-16', '30.8', 'food', '00000000-0000-0000-0000-000000000000', 'e2b9664a-8583-470c-84de-274131035fa5', '2025-05-06 00:43:23.535+00', 'Food expense');
INSERT INTO public.expenses (id, date, amount, category, user_id, sheet_id, created_at, description) VALUES ('cd095e91-c1fe-44e7-87ab-3bb501d20a52', '2025-03-20', '19.2', 'food', '00000000-0000-0000-0000-000000000000', 'e2b9664a-8583-470c-84de-274131035fa5', '2025-05-06 00:43:23.941+00', 'Food expense');
INSERT INTO public.expenses (id, date, amount, category, user_id, sheet_id, created_at, description) VALUES ('4e45d344-e8e5-42f2-8607-524ed7e1db9f', '2025-03-25', '102', 'accessories', '00000000-0000-0000-0000-000000000000', 'e2b9664a-8583-470c-84de-274131035fa5', '2025-05-06 00:43:24.511+00', 'Daily accessories');
INSERT INTO public.expenses (id, date, amount, category, user_id, sheet_id, created_at, description) VALUES ('99e2e172-af10-4562-a963-057600aaa681', '2025-03-28', '24.3', 'food', '00000000-0000-0000-0000-000000000000', 'e2b9664a-8583-470c-84de-274131035fa5', '2025-05-06 00:43:24.876+00', 'Food expense');
INSERT INTO public.expenses (id, date, amount, category, user_id, sheet_id, created_at, description) VALUES ('591e21e8-53cf-4a85-893c-6e4bdc172ff4', '2025-06-27', '23', 'food', '00000000-0000-0000-0000-000000000000', 'e2b9664a-8583-470c-84de-274131035fa5', '2025-06-30 03:36:34.865+00', 'Expense on Jun 27');
INSERT INTO public.expenses (id, date, amount, category, user_id, sheet_id, created_at, description) VALUES ('0b6f28bd-59e0-4eb9-aa41-4829d674cf3e', '2025-07-08', '18.5', 'food', '00000000-0000-0000-0000-000000000000', 'e2b9664a-8583-470c-84de-274131035fa5', '2025-07-08 13:04:46.879+00', 'Expense on Jul 08');
INSERT INTO public.expenses (id, date, amount, category, user_id, sheet_id, created_at, description) VALUES ('a4cae546-3159-424b-89dc-e81bdd253c78', '2025-06-16', '11.5', 'food', '00000000-0000-0000-0000-000000000000', 'e2b9664a-8583-470c-84de-274131035fa5', '2025-06-16 05:12:27.674+00', 'Expense on Jun 16');
INSERT INTO public.expenses (id, date, amount, category, user_id, sheet_id, created_at, description) VALUES ('c68b4066-6ee3-415d-ac66-404773a68957', '2025-05-08', '14', 'transport', '00000000-0000-0000-0000-000000000000', 'e2b9664a-8583-470c-84de-274131035fa5', '2025-05-09 01:23:46.525+00', 'Expense on May 08');
INSERT INTO public.expenses (id, date, amount, category, user_id, sheet_id, created_at, description) VALUES ('a19d89e7-296a-4aa4-a25c-d0db21b3d895', '2025-05-07', '18.9', 'food', '00000000-0000-0000-0000-000000000000', 'e2b9664a-8583-470c-84de-274131035fa5', '2025-05-07 05:52:05.98+00', 'Expense on May 07');
INSERT INTO public.expenses (id, date, amount, category, user_id, sheet_id, created_at, description) VALUES ('4788da04-c8b4-4270-93e8-32e23a128e02', '2025-05-12', '25', 'food', '00000000-0000-0000-0000-000000000000', 'e2b9664a-8583-470c-84de-274131035fa5', '2025-05-15 18:16:12.635+00', 'Expense on May 12');
INSERT INTO public.expenses (id, date, amount, category, user_id, sheet_id, created_at, description) VALUES ('dbf50912-9aea-49d8-b6a2-0ef8a9dfb505', '2025-05-17', '62', 'food', '00000000-0000-0000-0000-000000000000', 'e2b9664a-8583-470c-84de-274131035fa5', '2025-05-18 11:58:56.686+00', 'Expense on May 17');
INSERT INTO public.expenses (id, date, amount, category, user_id, sheet_id, created_at, description) VALUES ('7ed36b72-69fc-4ee6-a1d3-85368b790a17', '2025-07-18', '22.3', 'food', '00000000-0000-0000-0000-000000000000', 'e2b9664a-8583-470c-84de-274131035fa5', '2025-07-21 03:02:32.709+00', 'Expense on Jul 18');
INSERT INTO public.expenses (id, date, amount, category, user_id, sheet_id, created_at, description) VALUES ('dbe1ead6-fe0e-4111-9bec-d20ab556ad9a', '2025-06-04', '28', 'food', '00000000-0000-0000-0000-000000000000', 'e2b9664a-8583-470c-84de-274131035fa5', '2025-06-04 14:30:14.264+00', 'Expense on Jun 04');
INSERT INTO public.expenses (id, date, amount, category, user_id, sheet_id, created_at, description) VALUES ('f74530b3-6ad4-43f9-b8f4-bd1ea33ac9fd', '2025-06-01', '234', 'others', '00000000-0000-0000-0000-000000000000', '1d32eade-3cdd-40a7-aa63-55a604ac1850', '2025-06-24 07:41:20.386838+00', NULL);
INSERT INTO public.expenses (id, date, amount, category, user_id, sheet_id, created_at, description) VALUES ('f96cf398-bca9-45c6-abe3-f09134a888af', '2025-06-02', '234', 'others', '00000000-0000-0000-0000-000000000000', '1d32eade-3cdd-40a7-aa63-55a604ac1850', '2025-06-24 07:41:23.071458+00', NULL);
INSERT INTO public.expenses (id, date, amount, category, user_id, sheet_id, created_at, description) VALUES ('4d84e25c-963d-4b6e-9d66-970762ad1710', '2025-06-19', '169', 'accessories', '00000000-0000-0000-0000-000000000000', 'e2b9664a-8583-470c-84de-274131035fa5', '2025-06-20 15:35:25.427+00', 'Expense on Jun 19');
INSERT INTO public.expenses (id, date, amount, category, user_id, sheet_id, created_at, description) VALUES ('7c03b839-b6f1-48bb-8b41-5e2c53afa9ae', '2025-06-07', '50', 'transport', '00000000-0000-0000-0000-000000000000', 'e2b9664a-8583-470c-84de-274131035fa5', '2025-06-08 04:29:17.466+00', 'Expense on Jun 07');
INSERT INTO public.expenses (id, date, amount, category, user_id, sheet_id, created_at, description) VALUES ('2eeaac30-dbe5-440e-bfb4-baaa2c94816b', '2025-05-31', '123', 'others', '00000000-0000-0000-0000-000000000000', '1d32eade-3cdd-40a7-aa63-55a604ac1850', '2025-06-24 08:27:21.065668+00', NULL);
INSERT INTO public.expenses (id, date, amount, category, user_id, sheet_id, created_at, description) VALUES ('3bb6b918-3234-44d0-b5e0-b5f77409ea74', '2025-04-30', '123', 'accessories', '00000000-0000-0000-0000-000000000000', '1d32eade-3cdd-40a7-aa63-55a604ac1850', '2025-06-24 09:06:40.682301+00', NULL);
INSERT INTO public.expenses (id, date, amount, category, user_id, sheet_id, created_at, description) VALUES ('a10c5f4e-5a58-4851-934b-ed412a000a40', '2025-06-24', '21.9', 'food', '00000000-0000-0000-0000-000000000000', 'e2b9664a-8583-470c-84de-274131035fa5', '2025-06-24 07:05:01.258+00', 'Expense on Jun 24');
INSERT INTO public.expenses (id, date, amount, category, user_id, sheet_id, created_at, description) VALUES ('b6c309fb-574c-40e2-88d3-31bdf5ea6e72', '2025-06-22', '23.5', 'food', '00000000-0000-0000-0000-000000000000', 'e2b9664a-8583-470c-84de-274131035fa5', '2025-06-22 07:14:22.254+00', 'Expense on Jun 22');
INSERT INTO public.expenses (id, date, amount, category, user_id, sheet_id, created_at, description) VALUES ('f95a6cc1-3d77-4a76-ba9a-ae2a4ebad1f6', '2025-06-15', '40', 'others', '00000000-0000-0000-0000-000000000000', 'e2b9664a-8583-470c-84de-274131035fa5', '2025-06-16 01:31:38.152+00', 'Expense on Jun 15');
INSERT INTO public.expenses (id, date, amount, category, user_id, sheet_id, created_at, description) VALUES ('76373d3b-5acc-4a5b-afb2-8c14f682c1bf', '2025-05-28', '18', 'others', '00000000-0000-0000-0000-000000000000', 'e2b9664a-8583-470c-84de-274131035fa5', '2025-05-29 06:10:17.687+00', 'Expense on May 28');
INSERT INTO public.expenses (id, date, amount, category, user_id, sheet_id, created_at, description) VALUES ('bbaaba78-ebc0-43fe-8a65-9d6634c03e28', '2025-07-03', '11.5', 'entertainment', '00000000-0000-0000-0000-000000000000', 'e2b9664a-8583-470c-84de-274131035fa5', '2025-07-04 01:42:29.2+00', 'Expense on Jul 03');
INSERT INTO public.expenses (id, date, amount, category, user_id, sheet_id, created_at, description) VALUES ('a3f2b426-016b-496d-ad70-5f2b9d96e5d1', '2025-06-29', '11', 'food', '00000000-0000-0000-0000-000000000000', 'e2b9664a-8583-470c-84de-274131035fa5', '2025-06-30 03:37:36.32+00', 'Expense on Jun 29');
INSERT INTO public.expenses (id, date, amount, category, user_id, sheet_id, created_at, description) VALUES ('55bc879d-099a-46ab-ac6b-730f4e2942cf', '2025-07-14', '28', 'food', '00000000-0000-0000-0000-000000000000', 'e2b9664a-8583-470c-84de-274131035fa5', '2025-07-13 17:08:11.889+00', 'Expense on Jul 14');
INSERT INTO public.expenses (id, date, amount, category, user_id, sheet_id, created_at, description) VALUES ('9d10a7be-2f69-43f7-b722-31bafe391d09', '2025-07-04', '90', 'transport', '00000000-0000-0000-0000-000000000000', 'e2b9664a-8583-470c-84de-274131035fa5', '2025-07-04 01:42:17.041+00', 'Expense on Jul 04');
INSERT INTO public.expenses (id, date, amount, category, user_id, sheet_id, created_at, description) VALUES ('509d1b9d-187a-4e85-a413-54c0e54b2cff', '2025-07-13', '20', 'transport', '00000000-0000-0000-0000-000000000000', 'e2b9664a-8583-470c-84de-274131035fa5', '2025-07-21 03:04:52.592+00', 'Expense on Jul 13');
INSERT INTO public.expenses (id, date, amount, category, user_id, sheet_id, created_at, description) VALUES ('514216aa-44cd-4646-a41c-6b4902b12abc', '2025-04-02', '40', 'transport', '00000000-0000-0000-0000-000000000000', 'e2b9664a-8583-470c-84de-274131035fa5', '2025-05-06 00:42:33.114+00', 'Fuel');
INSERT INTO public.expenses (id, date, amount, category, user_id, sheet_id, created_at, description) VALUES ('e970eaa0-cb12-401c-9035-56ff8a11bf29', '2025-04-03', '30', 'food', '00000000-0000-0000-0000-000000000000', 'e2b9664a-8583-470c-84de-274131035fa5', '2025-05-06 00:42:33.394+00', 'Food expense');
INSERT INTO public.expenses (id, date, amount, category, user_id, sheet_id, created_at, description) VALUES ('94ee6b5e-f5df-4b06-bf54-2ad9b5ae519e', '2025-04-05', '21.5', 'food', '00000000-0000-0000-0000-000000000000', 'e2b9664a-8583-470c-84de-274131035fa5', '2025-05-06 00:42:33.677+00', 'Food expense');
INSERT INTO public.expenses (id, date, amount, category, user_id, sheet_id, created_at, description) VALUES ('6d396641-2197-499b-acf1-fd714a642e16', '2025-04-08', '13', 'food', '00000000-0000-0000-0000-000000000000', 'e2b9664a-8583-470c-84de-274131035fa5', '2025-05-06 00:42:33.957+00', 'Food expense');
INSERT INTO public.expenses (id, date, amount, category, user_id, sheet_id, created_at, description) VALUES ('bd8a10dd-8dec-4c83-aff4-78b6babd56dc', '2025-04-11', '20', 'food', '00000000-0000-0000-0000-000000000000', 'e2b9664a-8583-470c-84de-274131035fa5', '2025-05-06 00:42:34.225+00', 'Food expense');
INSERT INTO public.expenses (id, date, amount, category, user_id, sheet_id, created_at, description) VALUES ('6a7f2abc-8902-4ad3-bf5c-b51cefac8d1e', '2025-04-13', '50', 'transport', '00000000-0000-0000-0000-000000000000', 'e2b9664a-8583-470c-84de-274131035fa5', '2025-05-06 00:42:34.427+00', 'Fuel');
INSERT INTO public.expenses (id, date, amount, category, user_id, sheet_id, created_at, description) VALUES ('6b44969f-8f30-491a-b6aa-d4f6a2c25aeb', '2025-03-02', '22.4', 'food', '00000000-0000-0000-0000-000000000000', 'e2b9664a-8583-470c-84de-274131035fa5', '2025-05-06 00:43:22.009+00', 'Food expense');
INSERT INTO public.expenses (id, date, amount, category, user_id, sheet_id, created_at, description) VALUES ('793e1e6a-d07d-4e3b-858f-c3e8ab4d4585', '2025-05-01', '105', 'food', '00000000-0000-0000-0000-000000000000', 'e2b9664a-8583-470c-84de-274131035fa5', '2025-05-07 05:55:51.691+00', 'Expense on May 01');
INSERT INTO public.expenses (id, date, amount, category, user_id, sheet_id, created_at, description) VALUES ('043536eb-8914-4222-9eb4-7880bc4c39ac', '2025-05-02', '3333', 'investment', '00000000-0000-0000-0000-000000000000', '1d32eade-3cdd-40a7-aa63-55a604ac1850', '2025-05-06 06:50:12.056+00', 'Income/Return on May 02');
INSERT INTO public.expenses (id, date, amount, category, user_id, sheet_id, created_at, description) VALUES ('f6beec5e-9170-4b61-8b4a-a086b324f8e6', '2025-05-09', '17.4', 'food', '00000000-0000-0000-0000-000000000000', 'e2b9664a-8583-470c-84de-274131035fa5', '2025-05-09 09:10:54.287+00', 'Expense on May 09');
INSERT INTO public.expenses (id, date, amount, category, user_id, sheet_id, created_at, description) VALUES ('36a303e0-a9f5-47b8-a442-b4606c6c4ebe', '2025-05-13', '25', 'food', '00000000-0000-0000-0000-000000000000', 'e2b9664a-8583-470c-84de-274131035fa5', '2025-05-15 18:16:13.767+00', 'Expense on May 13');
INSERT INTO public.expenses (id, date, amount, category, user_id, sheet_id, created_at, description) VALUES ('5eba9b7f-9c46-40f5-93b2-9da8695c0171', '2025-05-19', '8.5', 'food', '00000000-0000-0000-0000-000000000000', 'e2b9664a-8583-470c-84de-274131035fa5', '2025-05-19 05:14:47.464+00', 'Expense on May 19');
INSERT INTO public.expenses (id, date, amount, category, user_id, sheet_id, created_at, description) VALUES ('0267b8c3-99ca-4be3-a715-2519d5717eca', '2025-06-05', '40', 'accessories', '00000000-0000-0000-0000-000000000000', 'e2b9664a-8583-470c-84de-274131035fa5', '2025-06-05 02:39:09.077+00', 'Expense on Jun 05');
INSERT INTO public.expenses (id, date, amount, category, user_id, sheet_id, created_at, description) VALUES ('fefb7068-e02b-413f-86c0-254884a05bf5', '2025-05-05', '21', 'accessories', '00000000-0000-0000-0000-000000000000', 'e2b9664a-8583-470c-84de-274131035fa5', '2025-05-06 12:48:46.828+00', 'Expense on May 05');
INSERT INTO public.expenses (id, date, amount, category, user_id, sheet_id, created_at, description) VALUES ('ac6db33b-e762-4039-9347-db6f361fa839', '2025-06-08', '41', 'food', '00000000-0000-0000-0000-000000000000', 'e2b9664a-8583-470c-84de-274131035fa5', '2025-06-08 14:16:43.13+00', 'Expense on Jun 08');
INSERT INTO public.expenses (id, date, amount, category, user_id, sheet_id, created_at, description) VALUES ('118252c8-d925-4499-b9af-1343b2e5f079', '2025-05-31', '3', 'investment', '00000000-0000-0000-0000-000000000000', '1d32eade-3cdd-40a7-aa63-55a604ac1850', '2025-06-24 07:38:10.334551+00', NULL);
INSERT INTO public.expenses (id, date, amount, category, user_id, sheet_id, created_at, description) VALUES ('6a9141ef-c3d2-4a5a-93ea-eb53040dd71f', '2025-03-08', '20', 'food', '00000000-0000-0000-0000-000000000000', 'e2b9664a-8583-470c-84de-274131035fa5', '2025-05-06 00:43:22.664+00', 'Food portion');
INSERT INTO public.expenses (id, date, amount, category, user_id, sheet_id, created_at, description) VALUES ('a7096d77-e9cf-45ac-82d8-382aba212fee', '2025-03-11', '28.9', 'food', '00000000-0000-0000-0000-000000000000', 'e2b9664a-8583-470c-84de-274131035fa5', '2025-05-06 00:43:23.065+00', 'Food expense');
INSERT INTO public.expenses (id, date, amount, category, user_id, sheet_id, created_at, description) VALUES ('183b2c6c-a15a-4195-a34f-4230cc92e0c7', '2025-03-17', '27', 'food', '00000000-0000-0000-0000-000000000000', 'e2b9664a-8583-470c-84de-274131035fa5', '2025-05-06 00:43:23.643+00', 'Food expense');
INSERT INTO public.expenses (id, date, amount, category, user_id, sheet_id, created_at, description) VALUES ('24ed6d2f-9fb9-41ee-b843-3e6b05f7a558', '2025-03-21', '50', 'food', '00000000-0000-0000-0000-000000000000', 'e2b9664a-8583-470c-84de-274131035fa5', '2025-05-06 00:43:24.04+00', 'Food expense');
INSERT INTO public.expenses (id, date, amount, category, user_id, sheet_id, created_at, description) VALUES ('6088372c-c67e-402f-a482-f83483d16108', '2025-03-26', '26.69', 'food', '00000000-0000-0000-0000-000000000000', 'e2b9664a-8583-470c-84de-274131035fa5', '2025-05-06 00:43:24.608+00', 'Food expense');
INSERT INTO public.expenses (id, date, amount, category, user_id, sheet_id, created_at, description) VALUES ('290b3be9-99e1-46aa-b0f5-38b14acaf033', '2025-03-29', '25.5', 'food', '00000000-0000-0000-0000-000000000000', 'e2b9664a-8583-470c-84de-274131035fa5', '2025-05-06 00:43:24.97+00', 'Food expense');
INSERT INTO public.expenses (id, date, amount, category, user_id, sheet_id, created_at, description) VALUES ('52a3e6a1-9723-451c-b196-a484811ddb5c', '2025-06-21', '9.7', 'entertainment', '00000000-0000-0000-0000-000000000000', 'e2b9664a-8583-470c-84de-274131035fa5', '2025-06-22 06:29:05.217+00', 'Expense on Jun 21');
INSERT INTO public.expenses (id, date, amount, category, user_id, sheet_id, created_at, description) VALUES ('8bb53b23-9d0d-40a8-9a16-7021771a3e4b', '2025-06-03', '234', 'others', '00000000-0000-0000-0000-000000000000', '1d32eade-3cdd-40a7-aa63-55a604ac1850', '2025-06-24 07:41:23.800058+00', NULL);
INSERT INTO public.expenses (id, date, amount, category, user_id, sheet_id, created_at, description) VALUES ('2b0891ab-39d3-470d-9b2c-d6208a75550e', '2025-05-02', '90', 'transport', '00000000-0000-0000-0000-000000000000', 'e2b9664a-8583-470c-84de-274131035fa5', '2025-05-06 03:51:35.433+00', 'Expense on May 02');
INSERT INTO public.expenses (id, date, amount, category, user_id, sheet_id, created_at, description) VALUES ('6ed7ddb2-f9f0-4982-b029-e9fdefb68677', '2025-06-02', '23', 'accessories', '00000000-0000-0000-0000-000000000000', '1d32eade-3cdd-40a7-aa63-55a604ac1850', '2025-06-24 07:41:57.102751+00', NULL);
INSERT INTO public.expenses (id, date, amount, category, user_id, sheet_id, created_at, description) VALUES ('a31044d3-f88f-4991-93f7-7e9091b93ae1', '2025-05-24', '30', 'food', '00000000-0000-0000-0000-000000000000', 'e2b9664a-8583-470c-84de-274131035fa5', '2025-05-26 01:17:20.522+00', 'Expense on May 24');
INSERT INTO public.expenses (id, date, amount, category, user_id, sheet_id, created_at, description) VALUES ('95f6e68e-c6da-4319-bf38-c95caab2aa60', '2025-06-23', '24.9', 'food', '00000000-0000-0000-0000-000000000000', 'e2b9664a-8583-470c-84de-274131035fa5', '2025-06-23 06:04:20.411+00', 'Expense on Jun 23');
INSERT INTO public.expenses (id, date, amount, category, user_id, sheet_id, created_at, description) VALUES ('729a4e85-0763-434a-a1e7-11ef609f55e5', '2025-06-13', '66', 'others', '00000000-0000-0000-0000-000000000000', 'e2b9664a-8583-470c-84de-274131035fa5', '2025-06-16 01:04:17.717+00', 'Expense on Jun 13');
INSERT INTO public.expenses (id, date, amount, category, user_id, sheet_id, created_at, description) VALUES ('a4bf25f4-91f0-4fba-9400-d00cfe1502ba', '2025-07-02', '36.9', 'food', '00000000-0000-0000-0000-000000000000', 'e2b9664a-8583-470c-84de-274131035fa5', '2025-07-03 02:12:53.256+00', 'Expense on Jul 02');
INSERT INTO public.expenses (id, date, amount, category, user_id, sheet_id, created_at, description) VALUES ('ac7dc3bd-d018-44b5-be67-7a958f88be2a', '2025-06-26', '25', 'food', '00000000-0000-0000-0000-000000000000', 'e2b9664a-8583-470c-84de-274131035fa5', '2025-06-26 06:19:45.685+00', 'Expense on Jun 26');
INSERT INTO public.expenses (id, date, amount, category, user_id, sheet_id, created_at, description) VALUES ('5ac308fb-cb87-4f2c-8a0f-8c5b20aab98e', '2025-06-25', '290', 'accessories', '00000000-0000-0000-0000-000000000000', 'e2b9664a-8583-470c-84de-274131035fa5', '2025-06-30 03:43:44.805+00', 'Expense on Jun 25');
INSERT INTO public.expenses (id, date, amount, category, user_id, sheet_id, created_at, description) VALUES ('6b29bd7b-1b72-4505-ba77-f8f360f9aa92', '2025-07-20', '50', 'food', '00000000-0000-0000-0000-000000000000', 'e2b9664a-8583-470c-84de-274131035fa5', '2025-07-21 02:59:08.659+00', 'Expense on Jul 20');
INSERT INTO public.expenses (id, date, amount, category, user_id, sheet_id, created_at, description) VALUES ('d90ef500-d632-4e28-afa9-4ba901c7f0b0', '2025-07-06', '77', 'food', '00000000-0000-0000-0000-000000000000', 'e2b9664a-8583-470c-84de-274131035fa5', '2025-07-06 10:55:43.349+00', 'Expense on Jul 06');
INSERT INTO public.expenses (id, date, amount, category, user_id, sheet_id, created_at, description) VALUES ('46b875e1-7706-475c-a370-8396fe8bc620', '2025-04-01', '66.15', 'food', '00000000-0000-0000-0000-000000000000', 'e2b9664a-8583-470c-84de-274131035fa5', '2025-05-06 00:42:33.023+00', 'loss27');
INSERT INTO public.expenses (id, date, amount, category, user_id, sheet_id, created_at, description) VALUES ('e17466e4-87be-4545-a343-9ee64f017074', '2025-04-03', '90', 'transport', '00000000-0000-0000-0000-000000000000', 'e2b9664a-8583-470c-84de-274131035fa5', '2025-05-06 00:42:33.306+00', 'April parking');
INSERT INTO public.expenses (id, date, amount, category, user_id, sheet_id, created_at, description) VALUES ('f659e977-8ecb-4f1c-95a0-849466eb5a76', '2025-04-05', '100', 'accessories', '00000000-0000-0000-0000-000000000000', 'e2b9664a-8583-470c-84de-274131035fa5', '2025-05-06 00:42:33.583+00', 'Mouse');
INSERT INTO public.expenses (id, date, amount, category, user_id, sheet_id, created_at, description) VALUES ('649bc7f9-8224-4c0d-ad65-a7c0a89df749', '2025-04-07', '19', 'food', '00000000-0000-0000-0000-000000000000', 'e2b9664a-8583-470c-84de-274131035fa5', '2025-05-06 00:42:33.861+00', 'Food expense');
INSERT INTO public.expenses (id, date, amount, category, user_id, sheet_id, created_at, description) VALUES ('c268884c-41b0-4dec-a38e-d1b7db7ce5a1', '2025-03-03', '28.5', 'food', '00000000-0000-0000-0000-000000000000', 'e2b9664a-8583-470c-84de-274131035fa5', '2025-05-06 00:43:22.115+00', 'Food expense');
INSERT INTO public.expenses (id, date, amount, category, user_id, sheet_id, created_at, description) VALUES ('9435d2fd-7a80-4401-91ce-4dc99b58fd78', '2025-03-08', '37.95', 'accessories', '00000000-0000-0000-0000-000000000000', 'e2b9664a-8583-470c-84de-274131035fa5', '2025-05-06 00:43:22.765+00', 'Salon + DIY');
INSERT INTO public.expenses (id, date, amount, category, user_id, sheet_id, created_at, description) VALUES ('e1c51d07-06d8-4db8-8a45-298df2bc625b', '2025-05-30', '16.8', 'food', '00000000-0000-0000-0000-000000000000', 'e2b9664a-8583-470c-84de-274131035fa5', '2025-05-30 06:17:12.252+00', 'Expense on May 30');
INSERT INTO public.expenses (id, date, amount, category, user_id, sheet_id, created_at, description) VALUES ('4e95b592-26af-4a01-b62f-04c16fcca2c4', '2025-05-14', '25', 'food', '00000000-0000-0000-0000-000000000000', 'e2b9664a-8583-470c-84de-274131035fa5', '2025-05-15 18:16:18.165+00', 'Expense on May 14');
INSERT INTO public.expenses (id, date, amount, category, user_id, sheet_id, created_at, description) VALUES ('a4af5da4-d1d8-4c6b-98d2-e01d4e2811fa', '2025-05-15', '145', 'others', '00000000-0000-0000-0000-000000000000', 'e2b9664a-8583-470c-84de-274131035fa5', '2025-05-19 12:38:43.809+00', 'Expense on May 15');
INSERT INTO public.expenses (id, date, amount, category, user_id, sheet_id, created_at, description) VALUES ('9b0dbdbd-4a97-4809-a52f-cf18474bdc13', '2025-03-12', '8.9', 'food', '00000000-0000-0000-0000-000000000000', 'e2b9664a-8583-470c-84de-274131035fa5', '2025-05-06 00:43:23.155+00', 'Food expense');
INSERT INTO public.expenses (id, date, amount, category, user_id, sheet_id, created_at, description) VALUES ('07f8dac6-e0ad-4ced-9a2d-947c1fc6f056', '2025-03-18', '28.8', 'food', '00000000-0000-0000-0000-000000000000', 'e2b9664a-8583-470c-84de-274131035fa5', '2025-05-06 00:43:23.738+00', 'Food expense');
INSERT INTO public.expenses (id, date, amount, category, user_id, sheet_id, created_at, description) VALUES ('884dba4a-f029-426b-9553-2391d002474f', '2025-03-22', '20', 'food', '00000000-0000-0000-0000-000000000000', 'e2b9664a-8583-470c-84de-274131035fa5', '2025-05-06 00:43:24.126+00', 'Food expense');
INSERT INTO public.expenses (id, date, amount, category, user_id, sheet_id, created_at, description) VALUES ('7c1bc9de-cde2-4cfa-8753-1408b6d38096', '2025-03-26', '55.4', 'transport', '00000000-0000-0000-0000-000000000000', 'e2b9664a-8583-470c-84de-274131035fa5', '2025-05-06 00:43:24.692+00', 'Fuel');
INSERT INTO public.expenses (id, date, amount, category, user_id, sheet_id, created_at, description) VALUES ('66012c1e-ff65-4217-a2d0-cde22c8e6b2e', '2025-03-29', '20.5', 'accessories', '00000000-0000-0000-0000-000000000000', 'e2b9664a-8583-470c-84de-274131035fa5', '2025-05-06 00:43:25.061+00', 'Accessories');
INSERT INTO public.expenses (id, date, amount, category, user_id, sheet_id, created_at, description) VALUES ('8dfc63c7-ef91-4ea0-8adc-ceb4268db31b', '2025-06-05', '13.9', 'food', '00000000-0000-0000-0000-000000000000', 'e2b9664a-8583-470c-84de-274131035fa5', '2025-06-05 05:28:06.503+00', 'Expense on Jun 05');
INSERT INTO public.expenses (id, date, amount, category, user_id, sheet_id, created_at, description) VALUES ('15501377-6778-4f43-ad68-6fb3652a52ec', '2025-05-31', '123', 'accessories', '00000000-0000-0000-0000-000000000000', '1d32eade-3cdd-40a7-aa63-55a604ac1850', '2025-06-24 07:50:49.382798+00', NULL);
INSERT INTO public.expenses (id, date, amount, category, user_id, sheet_id, created_at, description) VALUES ('1ab14b60-8c2a-40e1-a5b0-24f6a062e2d9', '2025-05-01', '-500000000', 'investment', '00000000-0000-0000-0000-000000000000', '1d32eade-3cdd-40a7-aa63-55a604ac1850', '2025-05-06 06:48:53.797+00', 'Income/Return on May 01');
INSERT INTO public.expenses (id, date, amount, category, user_id, sheet_id, created_at, description) VALUES ('328c1ab4-a54b-48d2-9482-092c9481614e', '2025-05-21', '21', 'food', '00000000-0000-0000-0000-000000000000', 'e2b9664a-8583-470c-84de-274131035fa5', '2025-05-23 04:10:09.762+00', 'Expense on May 21');
INSERT INTO public.expenses (id, date, amount, category, user_id, sheet_id, created_at, description) VALUES ('3933a260-3823-40e4-96a4-39959fd38948', '2025-06-10', '45', 'food', '00000000-0000-0000-0000-000000000000', 'e2b9664a-8583-470c-84de-274131035fa5', '2025-06-10 08:05:50.24+00', 'Expense on Jun 10');
INSERT INTO public.expenses (id, date, amount, category, user_id, sheet_id, created_at, description) VALUES ('20a3ea26-c140-4238-be37-afb9ba136b0b', '2025-06-13', '30', 'food', '00000000-0000-0000-0000-000000000000', 'e2b9664a-8583-470c-84de-274131035fa5', '2025-06-14 14:32:41.788+00', 'Expense on Jun 13');
INSERT INTO public.expenses (id, date, amount, category, user_id, sheet_id, created_at, description) VALUES ('4d75063f-ed16-4966-b55c-8faa6fd551c0', '2025-06-18', '12.8', 'food', '00000000-0000-0000-0000-000000000000', 'e2b9664a-8583-470c-84de-274131035fa5', '2025-06-18 06:39:32.793+00', 'Expense on Jun 18');
INSERT INTO public.expenses (id, date, amount, category, user_id, sheet_id, created_at, description) VALUES ('f615aa87-479c-4682-aa6e-b4765b91b6fc', '2025-05-27', '8', 'others', '00000000-0000-0000-0000-000000000000', 'e2b9664a-8583-470c-84de-274131035fa5', '2025-05-29 06:23:56.231+00', 'Expense on May 27');
INSERT INTO public.expenses (id, date, amount, category, user_id, sheet_id, created_at, description) VALUES ('0ff845e8-b83f-44fb-a9de-d9455bef7905', '2025-06-19', '8', 'food', '00000000-0000-0000-0000-000000000000', 'e2b9664a-8583-470c-84de-274131035fa5', '2025-06-19 05:40:29.45+00', 'Expense on Jun 19');
INSERT INTO public.expenses (id, date, amount, category, user_id, sheet_id, created_at, description) VALUES ('83fc6c06-8f60-4783-963b-2962d6ff43c8', '2025-07-09', '22', 'food', '00000000-0000-0000-0000-000000000000', 'e2b9664a-8583-470c-84de-274131035fa5', '2025-07-09 16:12:42.302+00', 'Expense on Jul 09');
INSERT INTO public.expenses (id, date, amount, category, user_id, sheet_id, created_at, description) VALUES ('3bdde179-1b92-41ab-bb88-ba97087e5de7', '2025-06-20', '18', 'food', '00000000-0000-0000-0000-000000000000', 'e2b9664a-8583-470c-84de-274131035fa5', '2025-06-20 15:18:59.719+00', 'Income/Return on Jun 20');
INSERT INTO public.expenses (id, date, amount, category, user_id, sheet_id, created_at, description) VALUES ('1e6d5760-d333-4ea2-9393-b86cde96e48a', '2025-05-18', '22.4', 'food', '00000000-0000-0000-0000-000000000000', 'e2b9664a-8583-470c-84de-274131035fa5', '2025-05-18 11:59:03.733+00', 'Expense on May 18');
INSERT INTO public.expenses (id, date, amount, category, user_id, sheet_id, created_at, description) VALUES ('b8532e27-614b-4388-a800-873b87f90705', '2025-07-11', '17.8', 'food', '00000000-0000-0000-0000-000000000000', 'e2b9664a-8583-470c-84de-274131035fa5', '2025-07-11 05:34:31.856+00', 'Expense on Jul 11');
INSERT INTO public.expenses (id, date, amount, category, user_id, sheet_id, created_at, description) VALUES ('d9fc8d16-a910-4622-a599-4bba84c6946f', '2025-05-31', '123', 'food', '00000000-0000-0000-0000-000000000000', '1d32eade-3cdd-40a7-aa63-55a604ac1850', '2025-06-24 07:51:19.464688+00', NULL);
INSERT INTO public.expenses (id, date, amount, category, user_id, sheet_id, created_at, description) VALUES ('72791b35-6c06-4d79-b9f2-24a608607e2e', '2025-07-05', '22.5', 'food', '00000000-0000-0000-0000-000000000000', 'e2b9664a-8583-470c-84de-274131035fa5', '2025-07-06 10:56:15.973+00', 'Expense on Jul 05');
INSERT INTO public.expenses (id, date, amount, category, user_id, sheet_id, created_at, description) VALUES ('38f9daff-d6fa-4869-93bf-9b13bda21233', '2025-04-30', '123', 'food', '00000000-0000-0000-0000-000000000000', '1d32eade-3cdd-40a7-aa63-55a604ac1850', '2025-06-24 08:27:42.838619+00', NULL);
INSERT INTO public.expenses (id, date, amount, category, user_id, sheet_id, created_at, description) VALUES ('99f98c01-95a6-4546-8903-9a13c0397623', '2025-07-10', '93.9', 'others', '00000000-0000-0000-0000-000000000000', 'e2b9664a-8583-470c-84de-274131035fa5', '2025-07-16 11:05:34.761+00', 'Expense on Jul 10');
INSERT INTO public.expenses (id, date, amount, category, user_id, sheet_id, created_at, description) VALUES ('5454998c-9191-48c5-a27c-17dc20f6362f', '2025-04-02', '48.9', 'food', '00000000-0000-0000-0000-000000000000', 'e2b9664a-8583-470c-84de-274131035fa5', '2025-05-06 00:42:33.211+00', 'Food expense');
INSERT INTO public.expenses (id, date, amount, category, user_id, sheet_id, created_at, description) VALUES ('4c43a94a-a556-4193-be32-6997210c4ae2', '2025-04-04', '33.5', 'food', '00000000-0000-0000-0000-000000000000', 'e2b9664a-8583-470c-84de-274131035fa5', '2025-05-06 00:42:33.494+00', 'Food expense');
INSERT INTO public.expenses (id, date, amount, category, user_id, sheet_id, created_at, description) VALUES ('0e4c280a-7b47-4f34-a983-66a97e78ffc4', '2025-04-06', '6.5', 'food', '00000000-0000-0000-0000-000000000000', 'e2b9664a-8583-470c-84de-274131035fa5', '2025-05-06 00:42:33.775+00', 'Food expense');
INSERT INTO public.expenses (id, date, amount, category, user_id, sheet_id, created_at, description) VALUES ('58080082-ffd6-4114-b448-def5626ec08e', '2025-04-09', '27.8', 'food', '00000000-0000-0000-0000-000000000000', 'e2b9664a-8583-470c-84de-274131035fa5', '2025-05-06 00:42:34.045+00', 'Food expense');
INSERT INTO public.expenses (id, date, amount, category, user_id, sheet_id, created_at, description) VALUES ('47aeba1c-1c37-419a-9f9f-18350740fb2b', '2025-04-12', '26', 'food', '00000000-0000-0000-0000-000000000000', 'e2b9664a-8583-470c-84de-274131035fa5', '2025-05-06 00:42:34.327+00', 'Food expense');
INSERT INTO public.expenses (id, date, amount, category, user_id, sheet_id, created_at, description) VALUES ('bfda476b-6c64-4c33-be17-82b02d2b122a', '2025-04-14', '21', 'food', '00000000-0000-0000-0000-000000000000', 'e2b9664a-8583-470c-84de-274131035fa5', '2025-05-06 00:42:34.525+00', 'Food expense');
INSERT INTO public.expenses (id, date, amount, category, user_id, sheet_id, created_at, description) VALUES ('0d61ff76-340d-4ff4-ba2b-8a21e4fa3737', '2025-04-15', '41', 'food', '00000000-0000-0000-0000-000000000000', 'e2b9664a-8583-470c-84de-274131035fa5', '2025-05-06 00:42:34.616+00', 'Food expense');
INSERT INTO public.expenses (id, date, amount, category, user_id, sheet_id, created_at, description) VALUES ('459fa0b1-163d-4d1c-802c-962980e7a4bf', '2025-04-16', '35', 'accessories', '00000000-0000-0000-0000-000000000000', 'e2b9664a-8583-470c-84de-274131035fa5', '2025-05-06 00:42:34.711+00', 'WiFi adapter (refunded)');
INSERT INTO public.expenses (id, date, amount, category, user_id, sheet_id, created_at, description) VALUES ('f567c4cb-4d7c-4887-b7a6-7f20d4fec1ea', '2025-04-19', '38', 'food', '00000000-0000-0000-0000-000000000000', 'e2b9664a-8583-470c-84de-274131035fa5', '2025-05-06 00:42:34.991+00', 'Food expense');
INSERT INTO public.expenses (id, date, amount, category, user_id, sheet_id, created_at, description) VALUES ('1541d7d2-26d4-4b9f-80ba-699c934c109c', '2025-04-22', '27', 'food', '00000000-0000-0000-0000-000000000000', 'e2b9664a-8583-470c-84de-274131035fa5', '2025-05-06 00:42:35.267+00', 'Food expense');
INSERT INTO public.expenses (id, date, amount, category, user_id, sheet_id, created_at, description) VALUES ('be693133-a43d-43a7-9328-c19d5e2416a9', '2025-03-04', '16', 'food', '00000000-0000-0000-0000-000000000000', 'e2b9664a-8583-470c-84de-274131035fa5', '2025-05-06 00:43:22.218+00', 'Food expense');
INSERT INTO public.expenses (id, date, amount, category, user_id, sheet_id, created_at, description) VALUES ('45ef752f-c282-4354-b3db-f9345148f517', '2025-04-26', '27.2', 'food', '00000000-0000-0000-0000-000000000000', 'e2b9664a-8583-470c-84de-274131035fa5', '2025-05-06 00:42:35.825+00', 'Food expense');
INSERT INTO public.expenses (id, date, amount, category, user_id, sheet_id, created_at, description) VALUES ('838ac38a-a053-4e71-b3d6-6d9b662f70b9', '2025-04-28', '11', 'food', '00000000-0000-0000-0000-000000000000', 'e2b9664a-8583-470c-84de-274131035fa5', '2025-05-06 00:42:36.095+00', 'Food expense');
INSERT INTO public.expenses (id, date, amount, category, user_id, sheet_id, created_at, description) VALUES ('7ad6774d-bb90-4516-914c-30cff23e164c', '2025-03-09', '57.8', 'food', '00000000-0000-0000-0000-000000000000', 'e2b9664a-8583-470c-84de-274131035fa5', '2025-05-06 00:43:22.879+00', 'Food expense');
INSERT INTO public.expenses (id, date, amount, category, user_id, sheet_id, created_at, description) VALUES ('0ea6b77d-c44c-472d-be59-b52d388ec85d', '2025-03-13', '16.4', 'food', '00000000-0000-0000-0000-000000000000', 'e2b9664a-8583-470c-84de-274131035fa5', '2025-05-06 00:43:23.256+00', 'Food expense');
INSERT INTO public.expenses (id, date, amount, category, user_id, sheet_id, created_at, description) VALUES ('94168f88-d857-463c-858c-f25ee2503adc', '2025-03-19', '6.7', 'food', '00000000-0000-0000-0000-000000000000', 'e2b9664a-8583-470c-84de-274131035fa5', '2025-05-06 00:43:23.833+00', 'Food expense');
INSERT INTO public.expenses (id, date, amount, category, user_id, sheet_id, created_at, description) VALUES ('8ad9e218-71aa-445a-a3e7-6560e7261e84', '2025-03-23', '21.9', 'food', '00000000-0000-0000-0000-000000000000', 'e2b9664a-8583-470c-84de-274131035fa5', '2025-05-06 00:43:24.215+00', 'Food expense');
INSERT INTO public.expenses (id, date, amount, category, user_id, sheet_id, created_at, description) VALUES ('5c35f134-33fe-4778-a64d-00dc2d7dfb64', '2025-03-27', '26.7', 'food', '00000000-0000-0000-0000-000000000000', 'e2b9664a-8583-470c-84de-274131035fa5', '2025-05-06 00:43:24.778+00', 'Food expense');
INSERT INTO public.expenses (id, date, amount, category, user_id, sheet_id, created_at, description) VALUES ('d439ebec-46ee-43fe-a6d8-9f096173f229', '2025-03-30', '33', 'accessories', '00000000-0000-0000-0000-000000000000', 'e2b9664a-8583-470c-84de-274131035fa5', '2025-05-06 00:43:25.144+00', 'Screen protector');
INSERT INTO public.expenses (id, date, amount, category, user_id, sheet_id, created_at, description) VALUES ('3a892532-1568-4273-9a61-36b590f0ba75', '2025-05-10', '395', 'entertainment', '00000000-0000-0000-0000-000000000000', 'e2b9664a-8583-470c-84de-274131035fa5', '2025-05-06 05:22:32.297+00', 'Expense on May 10');
INSERT INTO public.expenses (id, date, amount, category, user_id, sheet_id, created_at, description) VALUES ('515e6055-259a-4b61-b3e0-7b578f7e5225', '2025-03-31', '-224', 'others', '00000000-0000-0000-0000-000000000000', 'e2b9664a-8583-470c-84de-274131035fa5', '2025-05-06 05:46:52.361+00', 'Income/Return on Mar 31');
INSERT INTO public.expenses (id, date, amount, category, user_id, sheet_id, created_at, description) VALUES ('d73c83aa-4ee3-4d34-93ef-54b7ed1613cb', '2025-05-29', '24.9', 'food', '00000000-0000-0000-0000-000000000000', 'e2b9664a-8583-470c-84de-274131035fa5', '2025-05-30 06:16:43.167+00', 'Expense on May 29');
INSERT INTO public.expenses (id, date, amount, category, user_id, sheet_id, created_at, description) VALUES ('07788594-5a4d-49d3-9a70-a97dff6f2b86', '2025-06-01', '24', 'food', '00000000-0000-0000-0000-000000000000', 'e2b9664a-8583-470c-84de-274131035fa5', '2025-06-02 06:00:50.565+00', 'Expense on Jun 01');
INSERT INTO public.expenses (id, date, amount, category, user_id, sheet_id, created_at, description) VALUES ('2622cb53-3507-49f6-bfc3-210e0e166649', '2025-05-26', '7.49', 'accessories', '00000000-0000-0000-0000-000000000000', 'e2b9664a-8583-470c-84de-274131035fa5', '2025-05-26 01:07:19.552+00', 'Expense on May 26');
INSERT INTO public.expenses (id, date, amount, category, user_id, sheet_id, created_at, description) VALUES ('c3096ebc-1765-479e-9b63-d36ba0230e04', '2025-05-23', '30.1', 'food', '00000000-0000-0000-0000-000000000000', 'e2b9664a-8583-470c-84de-274131035fa5', '2025-05-23 05:56:33.412+00', 'Expense on May 23');
INSERT INTO public.expenses (id, date, amount, category, user_id, sheet_id, created_at, description) VALUES ('864dbf38-10ed-4728-8652-4fb6f74288f1', '2025-05-11', '30', 'accessories', '00000000-0000-0000-0000-000000000000', 'e2b9664a-8583-470c-84de-274131035fa5', '2025-05-26 01:10:46.894+00', 'Expense on May 11');
INSERT INTO public.expenses (id, date, amount, category, user_id, sheet_id, created_at, description) VALUES ('c0d6f858-de54-468e-bccd-b22fcd0c1210', '2025-05-10', '25', 'food', '00000000-0000-0000-0000-000000000000', 'e2b9664a-8583-470c-84de-274131035fa5', '2025-05-12 00:26:22.058+00', 'Expense on May 10');
INSERT INTO public.expenses (id, date, amount, category, user_id, sheet_id, created_at, description) VALUES ('fec7caa1-427e-4870-b4ef-166fb83ba1ab', '2025-05-01', '469', 'entertainment', '00000000-0000-0000-0000-000000000000', 'e2b9664a-8583-470c-84de-274131035fa5', '2025-05-06 03:51:27.71+00', 'Expense on May 01');
INSERT INTO public.expenses (id, date, amount, category, user_id, sheet_id, created_at, description) VALUES ('d41d1118-e47e-40cf-816f-a0ade1a2ee0b', '2025-06-02', '2', 'transport', '00000000-0000-0000-0000-000000000000', '1d32eade-3cdd-40a7-aa63-55a604ac1850', '2025-06-24 07:38:25.123807+00', NULL);
INSERT INTO public.expenses (id, date, amount, category, user_id, sheet_id, created_at, description) VALUES ('10c9eb62-d348-4d19-90c7-ea1c716d2305', '2025-06-01', '23', 'investment', '00000000-0000-0000-0000-000000000000', '1d32eade-3cdd-40a7-aa63-55a604ac1850', '2025-06-24 07:38:41.967315+00', NULL);
INSERT INTO public.expenses (id, date, amount, category, user_id, sheet_id, created_at, description) VALUES ('5e0579cb-236b-498f-91d7-cfcf24bdf323', '2025-05-26', '30', 'food', '00000000-0000-0000-0000-000000000000', 'e2b9664a-8583-470c-84de-274131035fa5', '2025-05-29 06:09:22.67+00', 'Expense on May 26');
INSERT INTO public.expenses (id, date, amount, category, user_id, sheet_id, created_at, description) VALUES ('1607ef11-baab-4dcf-84c8-27add2f37160', '2025-06-21', '23', 'food', '00000000-0000-0000-0000-000000000000', 'e2b9664a-8583-470c-84de-274131035fa5', '2025-06-22 07:14:10.835+00', 'Expense on Jun 21');
INSERT INTO public.expenses (id, date, amount, category, user_id, sheet_id, created_at, description) VALUES ('5291e44c-03cb-45a1-a64c-5aa6d32ab2a5', '2025-06-02', '234', 'investment', '00000000-0000-0000-0000-000000000000', '1d32eade-3cdd-40a7-aa63-55a604ac1850', '2025-06-24 07:38:44.085427+00', NULL);
INSERT INTO public.expenses (id, date, amount, category, user_id, sheet_id, created_at, description) VALUES ('6fed6028-00cf-4c5e-a3d7-03de6aebe79d', '2025-06-29', '234', 'food', '00000000-0000-0000-0000-000000000000', '1d32eade-3cdd-40a7-aa63-55a604ac1850', '2025-06-24 07:51:33.760224+00', NULL);
INSERT INTO public.expenses (id, date, amount, category, user_id, sheet_id, created_at, description) VALUES ('a70f9576-59fa-4cad-a932-45ae03312be1', '2025-04-30', '123', 'entertainment', '00000000-0000-0000-0000-000000000000', '1d32eade-3cdd-40a7-aa63-55a604ac1850', '2025-06-24 07:36:22.605014+00', NULL);
INSERT INTO public.expenses (id, date, amount, category, user_id, sheet_id, created_at, description) VALUES ('98a1dff3-38da-4e97-b5e6-bfa71b7d7b2b', '2025-06-09', '36', 'food', '00000000-0000-0000-0000-000000000000', 'e2b9664a-8583-470c-84de-274131035fa5', '2025-06-09 14:05:14.433+00', 'Expense on Jun 09');
INSERT INTO public.expenses (id, date, amount, category, user_id, sheet_id, created_at, description) VALUES ('1f9ba84c-0eb5-4e6c-9101-8bde221bffa2', '2025-06-01', '12', 'accessories', '00000000-0000-0000-0000-000000000000', '1d32eade-3cdd-40a7-aa63-55a604ac1850', '2025-06-24 07:38:21.256744+00', NULL);
INSERT INTO public.expenses (id, date, amount, category, user_id, sheet_id, created_at, description) VALUES ('e3f5734e-ae38-4aa7-9d8c-67f1358abb11', '2025-05-15', '25', 'food', '00000000-0000-0000-0000-000000000000', 'e2b9664a-8583-470c-84de-274131035fa5', '2025-05-15 18:16:19.682+00', 'Expense on May 15');
INSERT INTO public.expenses (id, date, amount, category, user_id, sheet_id, created_at, description) VALUES ('a063eb83-6fc9-4fd2-bf8d-c37ac4acfb06', '2025-05-01', '123', 'others', '00000000-0000-0000-0000-000000000000', '1d32eade-3cdd-40a7-aa63-55a604ac1850', '2025-06-24 08:58:54.083115+00', NULL);
INSERT INTO public.expenses (id, date, amount, category, user_id, sheet_id, created_at, description) VALUES ('0e27cc32-b9d2-4c3b-9f5c-b2378cae1a41', '2025-06-11', '57.5', 'food', '00000000-0000-0000-0000-000000000000', 'e2b9664a-8583-470c-84de-274131035fa5', '2025-06-11 23:46:01.374+00', 'Expense on Jun 11');
INSERT INTO public.expenses (id, date, amount, category, user_id, sheet_id, created_at, description) VALUES ('06d24398-714d-482b-99b9-eacbc3b646cb', '2025-07-15', '39', 'food', '00000000-0000-0000-0000-000000000000', 'e2b9664a-8583-470c-84de-274131035fa5', '2025-07-16 11:05:09.933+00', 'Expense on Jul 15');
INSERT INTO public.expenses (id, date, amount, category, user_id, sheet_id, created_at, description) VALUES ('b81fbb35-3eea-4266-9222-043ca0daed3a', '2025-07-17', '24', 'food', '00000000-0000-0000-0000-000000000000', 'e2b9664a-8583-470c-84de-274131035fa5', '2025-07-18 00:57:18.456+00', 'Expense on Jul 17');
INSERT INTO public.expenses (id, date, amount, category, user_id, sheet_id, created_at, description) VALUES ('e0e9a9c4-12b0-4e1a-9bd4-bad717b31b12', '2025-07-03', '37', 'food', '00000000-0000-0000-0000-000000000000', 'e2b9664a-8583-470c-84de-274131035fa5', '2025-07-03 05:46:41.561+00', 'Expense on Jul 03');
INSERT INTO public.expenses (id, date, amount, category, user_id, sheet_id, created_at, description) VALUES ('eac19704-a771-4c32-95c2-3829d8b167bc', '2025-07-04', '26.8', 'food', '00000000-0000-0000-0000-000000000000', 'e2b9664a-8583-470c-84de-274131035fa5', '2025-07-04 15:57:54.212+00', 'Expense on Jul 04');
INSERT INTO public.expenses (id, date, amount, category, user_id, sheet_id, created_at, description) VALUES ('3302a61e-c90e-47c4-b17f-94f4475019ae', '2025-07-12', '27.5', 'food', '00000000-0000-0000-0000-000000000000', 'e2b9664a-8583-470c-84de-274131035fa5', '2025-07-21 03:04:41.938+00', 'Expense on Jul 12');
INSERT INTO public.expenses (id, date, amount, category, user_id, sheet_id, created_at, description) VALUES ('7a774bb3-184c-4f4a-a7ba-fd7ffb04f415', '2025-06-30', '36.5', 'food', '00000000-0000-0000-0000-000000000000', 'e2b9664a-8583-470c-84de-274131035fa5', '2025-06-30 09:01:18.835+00', 'Expense on Jun 30');
INSERT INTO public.expenses (id, date, amount, category, user_id, sheet_id, created_at, description) VALUES ('701fda86-3e00-44c9-af79-14cee1039156', '2025-07-13', '0.02', 'accessories', '00000000-0000-0000-0000-000000000000', 'e2b9664a-8583-470c-84de-274131035fa5', '2025-07-21 03:04:51.32+00', 'Expense on Jul 13');
INSERT INTO public.expenses (id, date, amount, category, user_id, sheet_id, created_at, description) VALUES ('53549b02-73aa-464c-932d-ad4d7e8db8f6', '2025-04-20', '34', 'food', '00000000-0000-0000-0000-000000000000', 'e2b9664a-8583-470c-84de-274131035fa5', '2025-05-06 00:42:35.089+00', 'Food expense');
INSERT INTO public.expenses (id, date, amount, category, user_id, sheet_id, created_at, description) VALUES ('3b3ee350-d172-4e8c-8c8f-18ec67ceb9bb', '2025-04-23', '26', 'transport', '00000000-0000-0000-0000-000000000000', 'e2b9664a-8583-470c-84de-274131035fa5', '2025-05-06 00:42:35.359+00', 'Fuel');
INSERT INTO public.expenses (id, date, amount, category, user_id, sheet_id, created_at, description) VALUES ('60209e0d-5874-4869-9dfc-cbc0eba2f744', '2025-04-27', '70', 'transport', '00000000-0000-0000-0000-000000000000', 'e2b9664a-8583-470c-84de-274131035fa5', '2025-05-06 00:42:35.909+00', 'Fuel');
INSERT INTO public.expenses (id, date, amount, category, user_id, sheet_id, created_at, description) VALUES ('b43b7863-85d6-409a-87c9-9061b1b7554b', '2025-04-29', '10', 'food', '00000000-0000-0000-0000-000000000000', 'e2b9664a-8583-470c-84de-274131035fa5', '2025-05-06 00:42:36.192+00', 'Food expense');
INSERT INTO public.expenses (id, date, amount, category, user_id, sheet_id, created_at, description) VALUES ('6585abac-94a2-45c9-9179-19441552aaed', '2025-03-05', '26', 'food', '00000000-0000-0000-0000-000000000000', 'e2b9664a-8583-470c-84de-274131035fa5', '2025-05-06 00:43:22.325+00', 'Food expense');
INSERT INTO public.expenses (id, date, amount, category, user_id, sheet_id, created_at, description) VALUES ('4049f074-a905-441f-90e8-06a2125f13a8', '2025-03-14', '10', 'food', '00000000-0000-0000-0000-000000000000', 'e2b9664a-8583-470c-84de-274131035fa5', '2025-05-06 00:43:23.35+00', 'Food expense');
INSERT INTO public.expenses (id, date, amount, category, user_id, sheet_id, created_at, description) VALUES ('2ab8a2f9-6fb2-49e8-83ff-4ac42e2c9b15', '2025-03-24', '12', 'food', '00000000-0000-0000-0000-000000000000', 'e2b9664a-8583-470c-84de-274131035fa5', '2025-05-06 00:43:24.308+00', 'Food expense');
INSERT INTO public.expenses (id, date, amount, category, user_id, sheet_id, created_at, description) VALUES ('6ab6bbb4-1205-4177-8580-580dacf20b96', '2025-03-31', '42.1', 'food', '00000000-0000-0000-0000-000000000000', 'e2b9664a-8583-470c-84de-274131035fa5', '2025-05-06 00:43:25.238+00', 'Food expense');
INSERT INTO public.expenses (id, date, amount, category, user_id, sheet_id, created_at, description) VALUES ('96725223-7464-4dae-9e15-ea34d9ff315b', '2025-04-24', '73', 'food', '00000000-0000-0000-0000-000000000000', 'e2b9664a-8583-470c-84de-274131035fa5', '2025-05-06 00:42:35.627+00', 'Food expense');
INSERT INTO public.expenses (id, date, amount, category, user_id, sheet_id, created_at, description) VALUES ('a1269f55-607f-4f39-9642-b5d737a75b65', '2025-06-20', '58', 'transport', '00000000-0000-0000-0000-000000000000', 'e2b9664a-8583-470c-84de-274131035fa5', '2025-06-20 15:19:49.426+00', 'Income/Return on Jun 20');
INSERT INTO public.expenses (id, date, amount, category, user_id, sheet_id, created_at, description) VALUES ('a7a27878-970e-43ac-854e-48a837cc7ba0', '2025-05-11', '30', 'others', '00000000-0000-0000-0000-000000000000', 'e2b9664a-8583-470c-84de-274131035fa5', '2025-05-26 01:10:54.568+00', 'Expense on May 11');
INSERT INTO public.expenses (id, date, amount, category, user_id, sheet_id, created_at, description) VALUES ('6f5fe7dd-b779-4883-92a0-2a77952e6e78', '2025-06-01', '1', 'transport', '00000000-0000-0000-0000-000000000000', '1d32eade-3cdd-40a7-aa63-55a604ac1850', '2025-06-19 07:11:56.501+00', 'Expense on Jun 01');
INSERT INTO public.expenses (id, date, amount, category, user_id, sheet_id, created_at, description) VALUES ('c9481ae8-8f4e-4699-bad6-bb4c19034753', '2025-05-11', '24.9', 'food', '00000000-0000-0000-0000-000000000000', 'e2b9664a-8583-470c-84de-274131035fa5', '2025-05-12 00:26:12.324+00', 'Expense on May 11');
INSERT INTO public.expenses (id, date, amount, category, user_id, sheet_id, created_at, description) VALUES ('eb201b07-7f74-4b50-a024-a6419e0245aa', '2025-05-16', '25', 'food', '00000000-0000-0000-0000-000000000000', 'e2b9664a-8583-470c-84de-274131035fa5', '2025-05-15 18:16:26.058+00', 'Expense on May 16');
INSERT INTO public.expenses (id, date, amount, category, user_id, sheet_id, created_at, description) VALUES ('47f3d0ed-8917-4b25-857b-046f2e529a65', '2025-05-01', '66', 'transport', '00000000-0000-0000-0000-000000000000', 'e2b9664a-8583-470c-84de-274131035fa5', '2025-05-07 05:56:58.94+00', 'Expense on May 01');
INSERT INTO public.expenses (id, date, amount, category, user_id, sheet_id, created_at, description) VALUES ('0df9c10e-69c5-4795-881e-ee5815a1a49c', '2025-05-16', '65', 'transport', '00000000-0000-0000-0000-000000000000', 'e2b9664a-8583-470c-84de-274131035fa5', '2025-05-19 12:44:01.724+00', 'Expense on May 16');
INSERT INTO public.expenses (id, date, amount, category, user_id, sheet_id, created_at, description) VALUES ('79050b57-cf29-4a3a-9fcc-b0c978cf76a8', '2025-04-30', '1233', 'others', '00000000-0000-0000-0000-000000000000', '1d32eade-3cdd-40a7-aa63-55a604ac1850', '2025-06-24 08:58:46.302383+00', NULL);
INSERT INTO public.expenses (id, date, amount, category, user_id, sheet_id, created_at, description) VALUES ('2f97739c-0801-4b62-8076-984220accce0', '2025-06-07', '29.5', 'food', '00000000-0000-0000-0000-000000000000', 'e2b9664a-8583-470c-84de-274131035fa5', '2025-06-06 14:26:10.357+00', 'Expense on Jun 07');
INSERT INTO public.expenses (id, date, amount, category, user_id, sheet_id, created_at, description) VALUES ('0e14dd58-6a20-4b5e-a26f-eacb49401a1b', '2025-07-16', '8.2', 'food', '00000000-0000-0000-0000-000000000000', 'e2b9664a-8583-470c-84de-274131035fa5', '2025-07-16 11:04:45.247+00', 'Expense on Jul 16');
INSERT INTO public.expenses (id, date, amount, category, user_id, sheet_id, created_at, description) VALUES ('69c2cc72-3bac-40d4-a61c-e574651db3f7', '2025-05-27', '19', 'food', '00000000-0000-0000-0000-000000000000', 'e2b9664a-8583-470c-84de-274131035fa5', '2025-05-29 06:09:25.916+00', 'Expense on May 27');
INSERT INTO public.expenses (id, date, amount, category, user_id, sheet_id, created_at, description) VALUES ('166d5dc2-6169-439e-a41a-f57c962f2f4f', '2025-07-01', '60', 'transport', '00000000-0000-0000-0000-000000000000', 'e2b9664a-8583-470c-84de-274131035fa5', '2025-07-02 05:59:06.471+00', 'Expense on Jul 01');
INSERT INTO public.expenses (id, date, amount, category, user_id, sheet_id, created_at, description) VALUES ('240cf12b-31ca-4649-9656-51b1c48a9668', '2025-06-14', '40.4', 'food', '00000000-0000-0000-0000-000000000000', 'e2b9664a-8583-470c-84de-274131035fa5', '2025-06-14 14:35:25.1+00', 'Expense on Jun 14');
INSERT INTO public.expenses (id, date, amount, category, user_id, sheet_id, created_at, description) VALUES ('5cb71d09-4175-48b0-8d46-21bd5d17776f', '2025-05-31', '123', 'entertainment', '00000000-0000-0000-0000-000000000000', '1d32eade-3cdd-40a7-aa63-55a604ac1850', '2025-06-24 07:36:35.87455+00', NULL);
INSERT INTO public.expenses (id, date, amount, category, user_id, sheet_id, created_at, description) VALUES ('5435fac5-e31b-4e94-ab7c-59f357a3d647', '2025-06-28', '13', 'entertainment', '00000000-0000-0000-0000-000000000000', 'e2b9664a-8583-470c-84de-274131035fa5', '2025-06-30 03:37:23.786+00', 'Expense on Jun 28');
INSERT INTO public.expenses (id, date, amount, category, user_id, sheet_id, created_at, description) VALUES ('0c0a863b-1e66-4857-9a03-62faccdb14c6', '2025-06-25', '8.5', 'food', '00000000-0000-0000-0000-000000000000', 'e2b9664a-8583-470c-84de-274131035fa5', '2025-06-25 10:11:21.438+00', 'Expense on Jun 25');
INSERT INTO public.expenses (id, date, amount, category, user_id, sheet_id, created_at, description) VALUES ('7f6f5353-ac2d-4c81-98f3-69e5e0f972ab', '2025-07-19', '41', 'food', '00000000-0000-0000-0000-000000000000', 'e2b9664a-8583-470c-84de-274131035fa5', '2025-07-21 03:00:09.619+00', 'Expense on Jul 19');
INSERT INTO public.expenses (id, date, amount, category, user_id, sheet_id, created_at, description) VALUES ('c4018e46-6ce1-44b7-b5b2-8a585e46279a', '2025-04-18', '20', 'food', '00000000-0000-0000-0000-000000000000', 'e2b9664a-8583-470c-84de-274131035fa5', '2025-05-06 00:42:34.901+00', 'Food expense');
INSERT INTO public.expenses (id, date, amount, category, user_id, sheet_id, created_at, description) VALUES ('223d0c71-53c7-43c0-a5c9-7a3e9f122811', '2025-04-21', '35', 'food', '00000000-0000-0000-0000-000000000000', 'e2b9664a-8583-470c-84de-274131035fa5', '2025-05-06 00:42:35.178+00', 'Food expense');
INSERT INTO public.expenses (id, date, amount, category, user_id, sheet_id, created_at, description) VALUES ('679fd383-81da-46da-97e3-689a12962bc0', '2025-04-23', '22', 'food', '00000000-0000-0000-0000-000000000000', 'e2b9664a-8583-470c-84de-274131035fa5', '2025-05-06 00:42:35.449+00', 'Food expense');
INSERT INTO public.expenses (id, date, amount, category, user_id, sheet_id, created_at, description) VALUES ('a62b2f2a-4a47-41ed-959f-274e64b87602', '2025-04-25', '17', 'food', '00000000-0000-0000-0000-000000000000', 'e2b9664a-8583-470c-84de-274131035fa5', '2025-05-06 00:42:35.726+00', 'Food expense');
INSERT INTO public.expenses (id, date, amount, category, user_id, sheet_id, created_at, description) VALUES ('c2d57d34-b026-4a4a-aee8-e068fe180ae1', '2025-04-27', '60', 'food', '00000000-0000-0000-0000-000000000000', 'e2b9664a-8583-470c-84de-274131035fa5', '2025-05-06 00:42:35.997+00', 'Food expense');
INSERT INTO public.expenses (id, date, amount, category, user_id, sheet_id, created_at, description) VALUES ('eed0fb65-3544-415d-824d-8729b8174417', '2025-04-30', '15', 'transport', '00000000-0000-0000-0000-000000000000', 'e2b9664a-8583-470c-84de-274131035fa5', '2025-05-06 00:42:36.278+00', 'Fuel');
INSERT INTO public.expenses (id, date, amount, category, user_id, sheet_id, created_at, description) VALUES ('9e12fc8f-7c44-4626-874a-fbd31ec331e1', '2025-03-06', '32.3', 'food', '00000000-0000-0000-0000-000000000000', 'e2b9664a-8583-470c-84de-274131035fa5', '2025-05-06 00:43:22.439+00', 'Food expense');
INSERT INTO public.expenses (id, date, amount, category, user_id, sheet_id, created_at, description) VALUES ('bb965a63-6b5a-4410-9a63-fdce1b915297', '2025-03-15', '50', 'transport', '00000000-0000-0000-0000-000000000000', 'e2b9664a-8583-470c-84de-274131035fa5', '2025-05-06 00:43:23.443+00', 'Fuel');
INSERT INTO public.expenses (id, date, amount, category, user_id, sheet_id, created_at, description) VALUES ('94aa518e-c945-4b52-b81c-79bcd1d02e8d', '2025-03-25', '7', 'food', '00000000-0000-0000-0000-000000000000', 'e2b9664a-8583-470c-84de-274131035fa5', '2025-05-06 00:43:24.409+00', 'Food expense');
INSERT INTO public.expenses (id, date, amount, category, user_id, sheet_id, created_at, description) VALUES ('d5f53e25-00f4-4297-b05a-8adbd380ed3c', '2025-04-10', '25', 'food', '00000000-0000-0000-0000-000000000000', 'e2b9664a-8583-470c-84de-274131035fa5', '2025-05-06 05:47:50.871+00', 'Expense on Apr 10');
INSERT INTO public.expenses (id, date, amount, category, user_id, sheet_id, created_at, description) VALUES ('853cbddd-a24c-42a0-b627-19eb20f7ba29', '2025-06-03', '234', 'investment', '00000000-0000-0000-0000-000000000000', '1d32eade-3cdd-40a7-aa63-55a604ac1850', '2025-06-24 07:38:46.392044+00', NULL);
INSERT INTO public.expenses (id, date, amount, category, user_id, sheet_id, created_at, description) VALUES ('5a34ad61-6464-4e98-8ba7-1a49111c9332', '2025-06-17', '45', 'food', '00000000-0000-0000-0000-000000000000', 'e2b9664a-8583-470c-84de-274131035fa5', '2025-06-18 02:58:43.365+00', 'Expense on Jun 17');
INSERT INTO public.expenses (id, date, amount, category, user_id, sheet_id, created_at, description) VALUES ('63856e87-36af-4498-84b6-2182861a5902', '2025-06-17', '-30', 'others', '00000000-0000-0000-0000-000000000000', 'e2b9664a-8583-470c-84de-274131035fa5', '2025-06-21 02:01:55.071+00', 'Income/Return on Jun 17');
INSERT INTO public.expenses (id, date, amount, category, user_id, sheet_id, created_at, description) VALUES ('705c67d2-6726-4775-bb25-61f69af6f69c', '2025-04-10', '25', 'accessories', '00000000-0000-0000-0000-000000000000', 'e2b9664a-8583-470c-84de-274131035fa5', '2025-05-06 05:47:56.652+00', 'Expense on Apr 10');
INSERT INTO public.expenses (id, date, amount, category, user_id, sheet_id, created_at, description) VALUES ('a5df9336-cb0e-4476-b57c-658d30560c28', '2025-06-06', '31', 'food', '00000000-0000-0000-0000-000000000000', 'e2b9664a-8583-470c-84de-274131035fa5', '2025-06-06 14:26:22.965+00', 'Expense on Jun 06');
INSERT INTO public.expenses (id, date, amount, category, user_id, sheet_id, created_at, description) VALUES ('a2ffbdfa-563e-4087-a1fa-b733dd5f4520', '2025-05-05', '23', 'food', '00000000-0000-0000-0000-000000000000', 'e2b9664a-8583-470c-84de-274131035fa5', '2025-05-07 06:04:07.057+00', 'Expense on May 05');
INSERT INTO public.expenses (id, date, amount, category, user_id, sheet_id, created_at, description) VALUES ('f6dd775c-c658-4fe9-962b-27c1cd1bd406', '2025-06-02', '49', 'food', '00000000-0000-0000-0000-000000000000', 'e2b9664a-8583-470c-84de-274131035fa5', '2025-06-19 06:41:38.37+00', 'Expense on Jun 02');
INSERT INTO public.expenses (id, date, amount, category, user_id, sheet_id, created_at, description) VALUES ('a63af999-e5fc-4226-9e08-ee2201f66696', '2025-05-24', '10', 'others', '00000000-0000-0000-0000-000000000000', 'e2b9664a-8583-470c-84de-274131035fa5', '2025-05-26 01:16:56.48+00', 'Expense on May 24');
INSERT INTO public.expenses (id, date, amount, category, user_id, sheet_id, created_at, description) VALUES ('bf1dd92d-b2cf-495f-aae5-678d8c1f2e0f', '2025-05-22', '20', 'food', '00000000-0000-0000-0000-000000000000', 'e2b9664a-8583-470c-84de-274131035fa5', '2025-05-23 04:10:15.236+00', 'Expense on May 22');
INSERT INTO public.expenses (id, date, amount, category, user_id, sheet_id, created_at, description) VALUES ('25be5461-fc4b-40f1-a316-dc2016a0f2f8', '2025-05-25', '15', 'accessories', '00000000-0000-0000-0000-000000000000', 'e2b9664a-8583-470c-84de-274131035fa5', '2025-05-26 01:07:58.069+00', 'Expense on May 25');
INSERT INTO public.expenses (id, date, amount, category, user_id, sheet_id, created_at, description) VALUES ('d6e6948a-f75c-4d13-a3d1-54a07e63eeb3', '2025-06-12', '24', 'food', '00000000-0000-0000-0000-000000000000', 'e2b9664a-8583-470c-84de-274131035fa5', '2025-06-12 13:53:47.847+00', 'Expense on Jun 12');
INSERT INTO public.expenses (id, date, amount, category, user_id, sheet_id, created_at, description) VALUES ('d5ddcbb0-4aff-4cdc-8f71-cb1889bbed91', '2025-05-16', '-30', 'others', '00000000-0000-0000-0000-000000000000', 'e2b9664a-8583-470c-84de-274131035fa5', '2025-05-18 11:59:17.181+00', 'Income/Return on May 16');
INSERT INTO public.expenses (id, date, amount, category, user_id, sheet_id, created_at, description) VALUES ('d540976d-d827-44b3-be01-3ad352b054e1', '2025-06-03', '25', 'food', '00000000-0000-0000-0000-000000000000', 'e2b9664a-8583-470c-84de-274131035fa5', '2025-06-19 06:41:44.509+00', 'Expense on Jun 03');
INSERT INTO public.expenses (id, date, amount, category, user_id, sheet_id, created_at, description) VALUES ('b6653aa4-577b-4202-9039-91c5fec4396e', '2025-05-02', '123', 'others', '00000000-0000-0000-0000-000000000000', '1d32eade-3cdd-40a7-aa63-55a604ac1850', '2025-06-24 09:04:17.183583+00', NULL);
INSERT INTO public.expenses (id, date, amount, category, user_id, sheet_id, created_at, description) VALUES ('ef7f57a9-8a1b-4f9f-b1c0-f953eb283d12', '2025-05-28', '32', 'food', '00000000-0000-0000-0000-000000000000', 'e2b9664a-8583-470c-84de-274131035fa5', '2025-05-29 06:09:57.303+00', 'Expense on May 28');
INSERT INTO public.expenses (id, date, amount, category, user_id, sheet_id, created_at, description) VALUES ('253aa1a5-7b6f-4c1b-b81e-3e9914dbb91f', '2025-07-10', '27', 'food', '00000000-0000-0000-0000-000000000000', 'e2b9664a-8583-470c-84de-274131035fa5', '2025-07-11 06:32:13.027+00', 'Expense on Jul 10');
INSERT INTO public.expenses (id, date, amount, category, user_id, sheet_id, created_at, description) VALUES ('dd9ec60b-984b-45e7-ac47-c87fc9730e02', '2025-07-01', '15.5', 'food', '00000000-0000-0000-0000-000000000000', 'e2b9664a-8583-470c-84de-274131035fa5', '2025-07-01 13:18:09.918+00', 'Expense on Jul 01');
INSERT INTO public.expenses (id, date, amount, category, user_id, sheet_id, created_at, description) VALUES ('276b12ba-86d4-42fd-9096-0cab01eb98f9', '2025-06-15', '12', 'entertainment', '00000000-0000-0000-0000-000000000000', 'e2b9664a-8583-470c-84de-274131035fa5', '2025-06-16 01:30:04.924+00', 'Expense on Jun 15');
INSERT INTO public.expenses (id, date, amount, category, user_id, sheet_id, created_at, description) VALUES ('8b329fd0-d535-4d01-9d05-58dde7420a62', '2025-06-15', '40', 'food', '00000000-0000-0000-0000-000000000000', 'e2b9664a-8583-470c-84de-274131035fa5', '2025-06-15 08:11:52.201+00', 'Expense on Jun 15');
INSERT INTO public.expenses (id, date, amount, category, user_id, sheet_id, created_at, description) VALUES ('f56bc07a-976e-46ab-9a7b-85e7b8743e81', '2025-06-29', '30', 'accessories', '00000000-0000-0000-0000-000000000000', 'e2b9664a-8583-470c-84de-274131035fa5', '2025-06-30 03:37:41.638+00', 'Expense on Jun 29');
INSERT INTO public.expenses (id, date, amount, category, user_id, sheet_id, created_at, description) VALUES ('e753378e-cde0-46e9-8575-a46572c83b19', '2025-07-13', '46.5', 'food', '00000000-0000-0000-0000-000000000000', 'e2b9664a-8583-470c-84de-274131035fa5', '2025-07-21 03:03:45.552+00', 'Expense on Jul 13');

-- SHEET_CATEGORIES DATA
INSERT INTO public.sheet_categories (id, sheet_id, category, display_order, created_at) VALUES ('b00f0d5b-c1bd-435d-9627-18839ea6c78a', 'ea593412-dc90-4ca5-89d3-252a7815b6c6', 'food', '1', '2025-05-06 06:43:15.472452+00');
INSERT INTO public.sheet_categories (id, sheet_id, category, display_order, created_at) VALUES ('7c06d54d-253f-435e-97d6-8b3c6837b11e', 'ea593412-dc90-4ca5-89d3-252a7815b6c6', 'accessories', '2', '2025-05-06 06:43:15.472452+00');
INSERT INTO public.sheet_categories (id, sheet_id, category, display_order, created_at) VALUES ('34a56c1e-2eba-448a-9ec5-819ec851786c', 'ea593412-dc90-4ca5-89d3-252a7815b6c6', 'transport', '3', '2025-05-06 06:43:15.472452+00');
INSERT INTO public.sheet_categories (id, sheet_id, category, display_order, created_at) VALUES ('b467e753-7563-4a38-b202-549f68749028', 'ea593412-dc90-4ca5-89d3-252a7815b6c6', 'investment', '4', '2025-05-06 06:43:15.472452+00');
INSERT INTO public.sheet_categories (id, sheet_id, category, display_order, created_at) VALUES ('132ac82e-9b09-43c8-aac9-e4bd4af53839', 'ea593412-dc90-4ca5-89d3-252a7815b6c6', 'others', '5', '2025-05-06 06:43:15.472452+00');
INSERT INTO public.sheet_categories (id, sheet_id, category, display_order, created_at) VALUES ('ca0b0a63-fbf1-440b-a6e7-4359452cf413', '1d32eade-3cdd-40a7-aa63-55a604ac1850', 'food', '1', '2025-06-19 07:00:30.211858+00');
INSERT INTO public.sheet_categories (id, sheet_id, category, display_order, created_at) VALUES ('dd6802bf-a0c1-499a-9600-2b2ff7e6d758', '1d32eade-3cdd-40a7-aa63-55a604ac1850', 'accessories', '2', '2025-06-19 07:00:30.211858+00');
INSERT INTO public.sheet_categories (id, sheet_id, category, display_order, created_at) VALUES ('25b57e60-7422-4d17-ac78-8854307931a5', '1d32eade-3cdd-40a7-aa63-55a604ac1850', 'transport', '3', '2025-06-19 07:00:30.211858+00');
INSERT INTO public.sheet_categories (id, sheet_id, category, display_order, created_at) VALUES ('294161c0-d1da-4125-8f56-959cd392527a', '1d32eade-3cdd-40a7-aa63-55a604ac1850', 'investment', '4', '2025-06-19 07:00:30.211858+00');
INSERT INTO public.sheet_categories (id, sheet_id, category, display_order, created_at) VALUES ('916df8d8-5e2a-4d29-ad28-75b650b1298c', '1d32eade-3cdd-40a7-aa63-55a604ac1850', 'other', '5', '2025-06-19 07:00:30.211858+00');
INSERT INTO public.sheet_categories (id, sheet_id, category, display_order, created_at) VALUES ('7db7289c-807d-43e8-9a74-2dea253fa780', '1d32eade-3cdd-40a7-aa63-55a604ac1850', 'entertainment', '6', '2025-06-19 07:00:30.211858+00');
INSERT INTO public.sheet_categories (id, sheet_id, category, display_order, created_at) VALUES ('7a0e1bc8-b671-4752-838f-d6faa3339294', 'e2b9664a-8583-470c-84de-274131035fa5', 'food', '1', '2025-05-05 12:24:28.361076+00');
INSERT INTO public.sheet_categories (id, sheet_id, category, display_order, created_at) VALUES ('d6dc241f-a94a-4f5a-82f7-df071d020af6', 'e2b9664a-8583-470c-84de-274131035fa5', 'accessories', '2', '2025-05-05 12:24:28.361076+00');
INSERT INTO public.sheet_categories (id, sheet_id, category, display_order, created_at) VALUES ('54a518fc-2d84-47c5-a574-996abec13741', 'e2b9664a-8583-470c-84de-274131035fa5', 'transport', '3', '2025-05-05 12:24:28.361076+00');
INSERT INTO public.sheet_categories (id, sheet_id, category, display_order, created_at) VALUES ('106ec4fb-c875-408b-a862-6247560fdd80', 'e2b9664a-8583-470c-84de-274131035fa5', 'entertainment', '4', '2025-05-05 12:24:28.361076+00');
INSERT INTO public.sheet_categories (id, sheet_id, category, display_order, created_at) VALUES ('ef5e353f-8409-405f-a750-7b1d4fe3622d', 'e2b9664a-8583-470c-84de-274131035fa5', 'others', '5', '2025-05-05 12:24:28.361076+00');

-- COLUMN_DESCRIPTIONS DATA
INSERT INTO public.column_descriptions (id, expense_id, column_name, description, user_id, created_at) VALUES ('2266730e-4f61-444b-94b5-ecd84908e5d2', 'f659e977-8ecb-4f1c-95a0-849466eb5a76', 'accessories', 'Mouse', '00000000-0000-0000-0000-000000000000', '2025-05-06 05:40:05.011+00');
INSERT INTO public.column_descriptions (id, expense_id, column_name, description, user_id, created_at) VALUES ('808e1dfb-eb70-4b9c-ba3a-50177bca64d2', 'e17466e4-87be-4545-a343-9ee64f017074', 'transport', 'April Season Parking', '00000000-0000-0000-0000-000000000000', '2025-05-06 05:40:20.822+00');
INSERT INTO public.column_descriptions (id, expense_id, column_name, description, user_id, created_at) VALUES ('6906b815-43d5-4b3a-8ccb-e93fe060c6c0', '2b0891ab-39d3-470d-9b2c-d6208a75550e', 'transport', 'May Season Parking', '00000000-0000-0000-0000-000000000000', '2025-05-06 05:14:51.788+00');
INSERT INTO public.column_descriptions (id, expense_id, column_name, description, user_id, created_at) VALUES ('8ab89c88-d585-4d93-ad89-96229e7998ae', '459fa0b1-163d-4d1c-802c-962980e7a4bf', 'accessories', 'sunscreen', '00000000-0000-0000-0000-000000000000', '2025-05-06 05:41:31.985+00');
INSERT INTO public.column_descriptions (id, expense_id, column_name, description, user_id, created_at) VALUES ('e23ce17c-3fff-4aa7-9235-d001752bcf25', '514216aa-44cd-4646-a41c-6b4902b12abc', 'transport', 'fuel', '00000000-0000-0000-0000-000000000000', '2025-05-06 05:42:18.664+00');
INSERT INTO public.column_descriptions (id, expense_id, column_name, description, user_id, created_at) VALUES ('82eab8c6-f70e-4069-ae16-e062f588a2d9', '6a7f2abc-8902-4ad3-bf5c-b51cefac8d1e', 'transport', 'fuel', '00000000-0000-0000-0000-000000000000', '2025-05-06 05:42:27.07+00');
INSERT INTO public.column_descriptions (id, expense_id, column_name, description, user_id, created_at) VALUES ('556eb31a-8db3-4f4a-b7b6-359e83b74bc9', '60209e0d-5874-4869-9dfc-cbc0eba2f744', 'transport', 'fuel', '00000000-0000-0000-0000-000000000000', '2025-05-06 05:42:34.012+00');
INSERT INTO public.column_descriptions (id, expense_id, column_name, description, user_id, created_at) VALUES ('c0923561-c651-4c79-b42d-8d89356047a5', 'eed0fb65-3544-415d-824d-8729b8174417', 'transport', 'fuel', '00000000-0000-0000-0000-000000000000', '2025-05-06 05:42:37.97+00');
INSERT INTO public.column_descriptions (id, expense_id, column_name, description, user_id, created_at) VALUES ('19813928-b90e-4dc1-bf5a-3508db1e8c43', '3b3ee350-d172-4e8c-8c8f-18ec67ceb9bb', 'transport', 'fuel', '00000000-0000-0000-0000-000000000000', '2025-05-06 05:42:42.949+00');
INSERT INTO public.column_descriptions (id, expense_id, column_name, description, user_id, created_at) VALUES ('42147797-81b6-497b-b7b1-443f80c84a95', '96725223-7464-4dae-9e15-ea34d9ff315b', 'food', 'wagyu 64', '00000000-0000-0000-0000-000000000000', '2025-05-06 05:43:49.598+00');
INSERT INTO public.column_descriptions (id, expense_id, column_name, description, user_id, created_at) VALUES ('ecd7005b-a9d0-4162-a97c-d9cc75727e5e', '515e6055-259a-4b61-b3e0-7b578f7e5225', 'others', 'Genting Hotels', '00000000-0000-0000-0000-000000000000', '2025-05-06 05:46:57.729+00');
INSERT INTO public.column_descriptions (id, expense_id, column_name, description, user_id, created_at) VALUES ('5511f724-6681-4879-93c3-18c2f63eb51d', '3a892532-1568-4273-9a61-36b590f0ba75', 'entertainment', 'JJ LIN Concert', '00000000-0000-0000-0000-000000000000', '2025-05-06 06:01:39.367+00');
INSERT INTO public.column_descriptions (id, expense_id, column_name, description, user_id, created_at) VALUES ('e25f678e-9dcb-4115-b8d4-fe2ed2d205c1', 'f74530b3-6ad4-43f9-b8f4-bd1ea33ac9fd', 'notes', '123', '00000000-0000-0000-0000-000000000000', '2025-06-24 07:41:33.465344+00');
INSERT INTO public.column_descriptions (id, expense_id, column_name, description, user_id, created_at) VALUES ('781bc294-4495-4899-bc47-65292b509215', '449d4587-8803-444e-8c41-ff836314bb84', 'accessories', 'nailong', '00000000-0000-0000-0000-000000000000', '2025-05-07 05:52:24.997+00');
INSERT INTO public.column_descriptions (id, expense_id, column_name, description, user_id, created_at) VALUES ('af8dd1e5-a0b3-4c42-9ac4-be7e52d230f1', '47f3d0ed-8917-4b25-857b-046f2e529a65', 'transport', 'Perhentian Transport', '00000000-0000-0000-0000-000000000000', '2025-05-07 06:05:12.211+00');
INSERT INTO public.column_descriptions (id, expense_id, column_name, description, user_id, created_at) VALUES ('fefa6502-44cd-47c2-b130-c6530b0d8e4a', '793e1e6a-d07d-4e3b-858f-c3e8ab4d4585', 'food', 'Perhentian Food', '00000000-0000-0000-0000-000000000000', '2025-05-07 06:05:31.517+00');
INSERT INTO public.column_descriptions (id, expense_id, column_name, description, user_id, created_at) VALUES ('05860f53-a6eb-42aa-9121-1a2413d953f7', '1f9ba84c-0eb5-4e6c-9101-8bde221bffa2', 'notes', '234', '00000000-0000-0000-0000-000000000000', '2025-06-24 07:41:37.385125+00');
INSERT INTO public.column_descriptions (id, expense_id, column_name, description, user_id, created_at) VALUES ('586ae1c0-81c5-4bc3-8852-ebff1826434d', '10c9eb62-d348-4d19-90c7-ea1c716d2305', 'notes', '234', '00000000-0000-0000-0000-000000000000', '2025-06-24 07:41:44.806565+00');
INSERT INTO public.column_descriptions (id, expense_id, column_name, description, user_id, created_at) VALUES ('b94afc82-b76f-4257-a0c0-a063e7774bc5', '7afe8bfe-bcc4-4165-b758-8cd5e8da2943', 'others', 'sapu', '00000000-0000-0000-0000-000000000000', '2025-05-08 15:16:23.297+00');
INSERT INTO public.column_descriptions (id, expense_id, column_name, description, user_id, created_at) VALUES ('80d53e2f-5fa8-431d-86e2-558ad4ec5f16', '87db1ecc-279c-4834-a08f-2d1c8ce7e6f2', 'others', 'Genting Hotel', '00000000-0000-0000-0000-000000000000', '2025-05-08 15:16:51.426+00');
INSERT INTO public.column_descriptions (id, expense_id, column_name, description, user_id, created_at) VALUES ('2ffa2eac-c8eb-4d02-9d7c-04d1822b4fe9', 'fec7caa1-427e-4870-b4ef-166fb83ba1ab', 'entertainment', 'Perhentian Package', '00000000-0000-0000-0000-000000000000', '2025-05-06 05:13:35.831+00');
INSERT INTO public.column_descriptions (id, expense_id, column_name, description, user_id, created_at) VALUES ('cd9becf3-a050-4fad-b0cb-a6ed526e73bd', 'c68b4066-6ee3-415d-ac66-404773a68957', 'transport', 'Car wash + vaccum', '00000000-0000-0000-0000-000000000000', '2025-05-09 01:24:02.883+00');
INSERT INTO public.column_descriptions (id, expense_id, column_name, description, user_id, created_at) VALUES ('1f0003f5-19fe-498e-a5e0-5952e812701b', 'd5ddcbb0-4aff-4cdc-8f71-cb1889bbed91', 'others', 'Genting', '00000000-0000-0000-0000-000000000000', '2025-05-18 11:59:22.104+00');
INSERT INTO public.column_descriptions (id, expense_id, column_name, description, user_id, created_at) VALUES ('996fcace-5f0b-407a-861e-bf81d39a66dc', 'a4af5da4-d1d8-4c6b-98d2-e01d4e2811fa', 'others', 'SV Utilities + Car Park', '00000000-0000-0000-0000-000000000000', '2025-05-19 12:39:02.485+00');
INSERT INTO public.column_descriptions (id, expense_id, column_name, description, user_id, created_at) VALUES ('595f57a5-3e22-4e8d-b824-ed80f64c17c9', '2622cb53-3507-49f6-bfc3-210e0e166649', 'accessories', 'golf ball stand', '00000000-0000-0000-0000-000000000000', '2025-05-26 01:07:29.983+00');
INSERT INTO public.column_descriptions (id, expense_id, column_name, description, user_id, created_at) VALUES ('58e38fd4-53f1-4bcf-923d-2f4e9eaa76f8', 'a7a27878-970e-43ac-854e-48a837cc7ba0', 'others', 'Salon', '00000000-0000-0000-0000-000000000000', '2025-05-26 01:11:02.754+00');
INSERT INTO public.column_descriptions (id, expense_id, column_name, description, user_id, created_at) VALUES ('e48a3e1c-f44e-4b28-8e9f-f7575985cefd', 'a63af999-e5fc-4226-9e08-ee2201f66696', 'others', 'bmt', '00000000-0000-0000-0000-000000000000', '2025-05-26 01:17:03.209+00');
INSERT INTO public.column_descriptions (id, expense_id, column_name, description, user_id, created_at) VALUES ('305db1e1-a480-4d4e-928d-2734ab7d58b1', '76373d3b-5acc-4a5b-afb2-8c14f682c1bf', 'others', 'cinema', '00000000-0000-0000-0000-000000000000', '2025-05-29 06:10:22.815+00');
INSERT INTO public.column_descriptions (id, expense_id, column_name, description, user_id, created_at) VALUES ('69bd6931-dc83-4113-8976-b0f3889c5fc1', '0267b8c3-99ca-4be3-a715-2519d5717eca', 'accessories', 'H n S\nColgate', '00000000-0000-0000-0000-000000000000', '2025-06-05 02:39:50.218+00');
INSERT INTO public.column_descriptions (id, expense_id, column_name, description, user_id, created_at) VALUES ('b34e27da-2789-40bf-99fb-75b200750c2d', '276b12ba-86d4-42fd-9096-0cab01eb98f9', 'entertainment', 'Badminton', '00000000-0000-0000-0000-000000000000', '2025-06-16 01:30:12.661+00');
INSERT INTO public.column_descriptions (id, expense_id, column_name, description, user_id, created_at) VALUES ('b0a01fa6-87f6-421e-b4f6-046b06368fea', 'f95a6cc1-3d77-4a76-ba9a-ae2a4ebad1f6', 'others', 'June SV Parking', '00000000-0000-0000-0000-000000000000', '2025-06-16 01:31:45.751+00');
INSERT INTO public.column_descriptions (id, expense_id, column_name, description, user_id, created_at) VALUES ('89808c63-0504-4d77-9eda-9a7240cfe687', '4d84e25c-963d-4b6e-9d66-970762ad1710', 'accessories', 'Running shoe', '00000000-0000-0000-0000-000000000000', '2025-06-21 02:01:02.592+00');
INSERT INTO public.column_descriptions (id, expense_id, column_name, description, user_id, created_at) VALUES ('c37fa410-823f-4e87-80b7-40dabbaca253', '63856e87-36af-4498-84b6-2182861a5902', 'others', 'Genting', '00000000-0000-0000-0000-000000000000', '2025-06-21 02:02:00.029+00');
INSERT INTO public.column_descriptions (id, expense_id, column_name, description, user_id, created_at) VALUES ('c538b438-1d95-4bf8-87b4-a7c07a450dc7', '043536eb-8914-4222-9eb4-7880bc4c39ac', 'investment', 'JACKPOTT', '00000000-0000-0000-0000-000000000000', '2025-05-06 06:50:27.842+00');
INSERT INTO public.column_descriptions (id, expense_id, column_name, description, user_id, created_at) VALUES ('57e973cc-25ce-421b-82c5-383354e73436', '6f5fe7dd-b779-4883-92a0-2a77952e6e78', 'notes', 'qg', '00000000-0000-0000-0000-000000000000', '2025-06-24 07:37:37.750621+00');
INSERT INTO public.column_descriptions (id, expense_id, column_name, description, user_id, created_at) VALUES ('b49e1040-58cb-4462-8c34-e7c2b2a5027c', '8bb53b23-9d0d-40a8-9a16-7021771a3e4b', 'notes', '123', '00000000-0000-0000-0000-000000000000', '2025-06-24 07:41:28.289608+00');
INSERT INTO public.column_descriptions (id, expense_id, column_name, description, user_id, created_at) VALUES ('b73da4ea-5582-4981-b9b1-a72503f60c29', 'f96cf398-bca9-45c6-abe3-f09134a888af', 'notes', '123', '00000000-0000-0000-0000-000000000000', '2025-06-24 07:41:31.424659+00');
INSERT INTO public.column_descriptions (id, expense_id, column_name, description, user_id, created_at) VALUES ('b08a5705-bf28-42cb-97ae-8c14208a227f', '5291e44c-03cb-45a1-a64c-5aa6d32ab2a5', 'notes', '234', '00000000-0000-0000-0000-000000000000', '2025-06-24 07:41:46.389838+00');
INSERT INTO public.column_descriptions (id, expense_id, column_name, description, user_id, created_at) VALUES ('deac9203-33b5-4fc2-98e8-bc452d30469b', '853cbddd-a24c-42a0-b627-19eb20f7ba29', 'notes', '234', '00000000-0000-0000-0000-000000000000', '2025-06-24 07:41:49.411624+00');
INSERT INTO public.column_descriptions (id, expense_id, column_name, description, user_id, created_at) VALUES ('bd60165d-3386-473e-b16d-e042ddec6e0b', 'd41d1118-e47e-40cf-816f-a0ade1a2ee0b', 'notes', '234', '00000000-0000-0000-0000-000000000000', '2025-06-24 07:41:53.701651+00');
INSERT INTO public.column_descriptions (id, expense_id, column_name, description, user_id, created_at) VALUES ('1a07c5f4-ac35-4722-aece-0948820a0055', '6ed7ddb2-f9f0-4982-b029-e9fdefb68677', 'notes', 'abc', '00000000-0000-0000-0000-000000000000', '2025-06-24 07:42:00.505361+00');
INSERT INTO public.column_descriptions (id, expense_id, column_name, description, user_id, created_at) VALUES ('dc2d8c1b-d912-491c-8435-f50811e9cd84', '043536eb-8914-4222-9eb4-7880bc4c39ac', 'notes', 'JACKPOTT', '00000000-0000-0000-0000-000000000000', '2025-06-24 08:27:48.89418+00');
INSERT INTO public.column_descriptions (id, expense_id, column_name, description, user_id, created_at) VALUES ('e201bc2a-30c5-4fc7-9acb-b94d321b34bd', 'a063eb83-6fc9-4fd2-bf8d-c37ac4acfb06', 'notes', 'abc', '00000000-0000-0000-0000-000000000000', '2025-06-24 09:04:35.158227+00');
INSERT INTO public.column_descriptions (id, expense_id, column_name, description, user_id, created_at) VALUES ('593511ca-3d89-4617-91e3-2d1a91087310', '5435fac5-e31b-4e94-ab7c-59f357a3d647', 'entertainment', 'bmt', '00000000-0000-0000-0000-000000000000', '2025-06-30 03:37:28.193+00');
INSERT INTO public.column_descriptions (id, expense_id, column_name, description, user_id, created_at) VALUES ('8ad1ef0a-9458-43a8-ae61-00abac77250d', 'f56bc07a-976e-46ab-9a7b-85e7b8743e81', 'accessories', 'haircut', '00000000-0000-0000-0000-000000000000', '2025-06-30 03:37:46.58+00');
INSERT INTO public.column_descriptions (id, expense_id, column_name, description, user_id, created_at) VALUES ('ccd46695-acff-44c8-9dcf-2621b617faaf', '9d10a7be-2f69-43f7-b722-31bafe391d09', 'transport', 'SCP Parking', '00000000-0000-0000-0000-000000000000', '2025-07-04 01:42:23.093+00');
INSERT INTO public.column_descriptions (id, expense_id, column_name, description, user_id, created_at) VALUES ('1b0ecb27-49e8-456d-be3c-f5fc1b87cd9e', 'bbaaba78-ebc0-43fe-8a65-9d6634c03e28', 'entertainment', 'golf', '00000000-0000-0000-0000-000000000000', '2025-07-04 01:42:32.523+00');
INSERT INTO public.column_descriptions (id, expense_id, column_name, description, user_id, created_at) VALUES ('b0090b8c-96d5-4da5-9c32-0ea5f5a9e7bf', '095d7dce-9c85-4db8-b02d-dd8ae6acf72f', 'entertainment', 'splashmania', '00000000-0000-0000-0000-000000000000', '2025-07-09 03:57:46.263+00');
INSERT INTO public.column_descriptions (id, expense_id, column_name, description, user_id, created_at) VALUES ('4c914889-4f31-4149-8d40-da087df54669', '99f98c01-95a6-4546-8903-9a13c0397623', 'others', 'Utilities', '00000000-0000-0000-0000-000000000000', '2025-07-16 11:05:40.331+00');

